"","yearSeason","slugSeason","urlBREF","rankVotes","namePlayer","agePlayer","slugPlayerBREF","slugTeam","pctVote","votesFirst","pointsMax","pointsVote","isWinner"
"1",2000,"1999-00","https://www.basketball-reference.com/awards/awards_2000.html",1,"Jalen Rose",27,"roseja01","IND",0.264,32,"121",32,TRUE
"2",2000,"1999-00","https://www.basketball-reference.com/awards/awards_2000.html",2,"Dirk Nowitzki",21,"nowitdi01","DAL",0.207,25,"121",25,FALSE
"3",2000,"1999-00","https://www.basketball-reference.com/awards/awards_2000.html",3,"Jerry Stackhouse",25,"stackje01","DET",0.157,19,"121",19,FALSE
"4",2000,"1999-00","https://www.basketball-reference.com/awards/awards_2000.html",4,"Austin Croshere",24,"croshau01","IND",0.14,17,"121",17,FALSE
"5",2000,"1999-00","https://www.basketball-reference.com/awards/awards_2000.html",5,"Tracy McGrady",20,"mcgratr01","TOR",0.058,7,"121",7,FALSE
"6",2000,"1999-00","https://www.basketball-reference.com/awards/awards_2000.html",6,"John Amaechi",29,"amaecjo01","ORL",0.033,4,"121",4,FALSE
"7",2000,"1999-00","https://www.basketball-reference.com/awards/awards_2000.html",6,"Ruben Patterson",24,"patteru01","SEA",0.033,4,"121",4,FALSE
"8",2000,"1999-00","https://www.basketball-reference.com/awards/awards_2000.html",8,"Michael Dickerson",24,"dickemi01","VAN",0.025,3,"121",3,FALSE
"9",2000,"1999-00","https://www.basketball-reference.com/awards/awards_2000.html",8,"Rodney Rogers",28,"rogerro01","PHO",0.025,3,"121",3,FALSE
"10",2000,"1999-00","https://www.basketball-reference.com/awards/awards_2000.html",10,"Shaquille O'Neal",27,"onealsh01","LAL",0.017,2,"121",2,FALSE
"11",2000,"1999-00","https://www.basketball-reference.com/awards/awards_2000.html",11,"Kobe Bryant",21,"bryanko01","LAL",0.008,1,"121",1,FALSE
"12",2000,"1999-00","https://www.basketball-reference.com/awards/awards_2000.html",11,"Derrick Coleman",32,"colemde01","CHH",0.008,1,"121",1,FALSE
"13",2000,"1999-00","https://www.basketball-reference.com/awards/awards_2000.html",11,"Sean Elliott",31,"elliose01","SAS",0.008,1,"121",1,FALSE
"14",2000,"1999-00","https://www.basketball-reference.com/awards/awards_2000.html",11,"Rashard Lewis",20,"lewisra02","SEA",0.008,1,"121",1,FALSE
"15",2000,"1999-00","https://www.basketball-reference.com/awards/awards_2000.html",11,"Bob Sura",26,"surabo01","CLE",0.008,1,"121",1,FALSE
"16",2001,"2000-01","https://www.basketball-reference.com/awards/awards_2001.html",1,"Tracy McGrady",21,"mcgratr01","ORL",0.597,74,"124",74,TRUE
"17",2001,"2000-01","https://www.basketball-reference.com/awards/awards_2001.html",2,"Peja Stojakovic",23,"stojape01","SAC",0.113,14,"124",14,FALSE
"18",2001,"2000-01","https://www.basketball-reference.com/awards/awards_2001.html",3,"Steve Nash",26,"nashst01","DAL",0.097,12,"124",12,FALSE
"19",2001,"2000-01","https://www.basketball-reference.com/awards/awards_2001.html",4,"Shawn Marion",22,"mariosh01","PHO",0.048,6,"124",6,FALSE
"20",2001,"2000-01","https://www.basketball-reference.com/awards/awards_2001.html",5,"Baron Davis",21,"davisba01","CHH",0.032,4,"124",4,FALSE
"21",2001,"2000-01","https://www.basketball-reference.com/awards/awards_2001.html",5,"Dirk Nowitzki",22,"nowitdi01","DAL",0.032,4,"124",4,FALSE
"22",2001,"2000-01","https://www.basketball-reference.com/awards/awards_2001.html",7,"Travis Best",28,"besttr01","IND",0.016,2,"124",2,FALSE
"23",2001,"2000-01","https://www.basketball-reference.com/awards/awards_2001.html",7,"Jason Terry",23,"terryja01","ATL",0.016,2,"124",2,FALSE
"24",2001,"2000-01","https://www.basketball-reference.com/awards/awards_2001.html",9,"Richard Hamilton",22,"hamilri01","WAS",0.008,1,"124",1,FALSE
"25",2001,"2000-01","https://www.basketball-reference.com/awards/awards_2001.html",9,"Donyell Marshall",27,"marshdo01","UTA",0.008,1,"124",1,FALSE
"26",2001,"2000-01","https://www.basketball-reference.com/awards/awards_2001.html",9,"Jeff McInnis",26,"mcinnje01","LAC",0.008,1,"124",1,FALSE
"27",2001,"2000-01","https://www.basketball-reference.com/awards/awards_2001.html",9,"Ben Wallace",26,"wallabe01","DET",0.008,1,"124",1,FALSE
"28",2001,"2000-01","https://www.basketball-reference.com/awards/awards_2001.html",9,"Bonzi Wells",24,"wellsbo01","POR",0.008,1,"124",1,FALSE
"29",2001,"2000-01","https://www.basketball-reference.com/awards/awards_2001.html",9,"Alvin Williams",26,"willial02","TOR",0.008,1,"124",1,FALSE
"30",2002,"2001-02","https://www.basketball-reference.com/awards/awards_2002.html",1,"Jermaine O'Neal",23,"onealje01","IND",0.413,52,"126",52,TRUE
"31",2002,"2001-02","https://www.basketball-reference.com/awards/awards_2002.html",2,"Ben Wallace",27,"wallabe01","DET",0.127,16,"126",16,FALSE
"32",2002,"2001-02","https://www.basketball-reference.com/awards/awards_2002.html",3,"Steve Nash",27,"nashst01","DAL",0.071,9,"126",9,FALSE
"33",2002,"2001-02","https://www.basketball-reference.com/awards/awards_2002.html",4,"Jerry Stackhouse",27,"stackje01","DET",0.056,7,"126",7,FALSE
"34",2002,"2001-02","https://www.basketball-reference.com/awards/awards_2002.html",5,"Brent Barry",30,"barrybr01","SEA",0.048,6,"126",6,FALSE
"35",2002,"2001-02","https://www.basketball-reference.com/awards/awards_2002.html",6,"Wally Szczerbiak",24,"szczewa02","MIN",0.04,5,"126",5,FALSE
"36",2002,"2001-02","https://www.basketball-reference.com/awards/awards_2002.html",7,"Troy Hudson",25,"hudsotr01","ORL",0.032,4,"126",4,FALSE
"37",2002,"2001-02","https://www.basketball-reference.com/awards/awards_2002.html",7,"Michael Olowokandi",26,"olowomi01","LAC",0.032,4,"126",4,FALSE
"38",2002,"2001-02","https://www.basketball-reference.com/awards/awards_2002.html",9,"Kenyon Martin",24,"martike01","NJN",0.024,3,"126",3,FALSE
"39",2002,"2001-02","https://www.basketball-reference.com/awards/awards_2002.html",9,"Andre Miller",25,"millean02","CLE",0.024,3,"126",3,FALSE
"40",2002,"2001-02","https://www.basketball-reference.com/awards/awards_2002.html",9,"Michael Redd",22,"reddmi01","MIL",0.024,3,"126",3,FALSE
"41",2002,"2001-02","https://www.basketball-reference.com/awards/awards_2002.html",12,"Desmond Mason",24,"masonde01","SEA",0.016,2,"126",2,FALSE
"42",2002,"2001-02","https://www.basketball-reference.com/awards/awards_2002.html",12,"Gary Payton",33,"paytoga01","SEA",0.016,2,"126",2,FALSE
"43",2002,"2001-02","https://www.basketball-reference.com/awards/awards_2002.html",12,"Kenny Thomas",24,"thomake01","HOU",0.016,2,"126",2,FALSE
"44",2002,"2001-02","https://www.basketball-reference.com/awards/awards_2002.html",12,"Hedo Turkoglu",22,"turkohe01","SAC",0.016,2,"126",2,FALSE
"45",2002,"2001-02","https://www.basketball-reference.com/awards/awards_2002.html",16,"Ricky Davis",22,"davisri01","CLE",0.008,1,"126",1,FALSE
"46",2002,"2001-02","https://www.basketball-reference.com/awards/awards_2002.html",16,"Bobby Jackson",28,"jacksbo01","SAC",0.008,1,"126",1,FALSE
"47",2002,"2001-02","https://www.basketball-reference.com/awards/awards_2002.html",16,"Todd MacCulloch",26,"maccuto01","NJN",0.008,1,"126",1,FALSE
"48",2002,"2001-02","https://www.basketball-reference.com/awards/awards_2002.html",16,"Lee Nailon",26,"nailole01","CHH",0.008,1,"126",1,FALSE
"49",2002,"2001-02","https://www.basketball-reference.com/awards/awards_2002.html",16,"Wesley Person",30,"persowe01","CLE",0.008,1,"126",1,FALSE
"50",2002,"2001-02","https://www.basketball-reference.com/awards/awards_2002.html",16,"Jason Terry",24,"terryja01","ATL",0.008,1,"126",1,FALSE
"51",2003,"2002-03","https://www.basketball-reference.com/awards/awards_2003.html",1,"Gilbert Arenas",21,"arenagi01","GSW",0.488,41,"590",288,TRUE
"52",2003,"2002-03","https://www.basketball-reference.com/awards/awards_2003.html",2,"Matt Harpring",26,"harprma01","UTA",0.397,29,"590",234,FALSE
"53",2003,"2002-03","https://www.basketball-reference.com/awards/awards_2003.html",3,"Troy Murphy",22,"murphtr01","GSW",0.244,18,"590",144,FALSE
"54",2003,"2002-03","https://www.basketball-reference.com/awards/awards_2003.html",4,"Tony Parker",20,"parketo01","SAS",0.242,14,"590",143,FALSE
"55",2003,"2002-03","https://www.basketball-reference.com/awards/awards_2003.html",5,"Ricky Davis",23,"davisri01","CLE",0.073,2,"590",43,FALSE
"56",2003,"2002-03","https://www.basketball-reference.com/awards/awards_2003.html",6,"Chauncey Billups",26,"billuch01","DET",0.071,3,"590",42,FALSE
"57",2003,"2002-03","https://www.basketball-reference.com/awards/awards_2003.html",7,"Jason Williams",27,"willija02","MEM",0.068,3,"590",40,FALSE
"58",2003,"2002-03","https://www.basketball-reference.com/awards/awards_2003.html",8,"Richard Jefferson",22,"jefferi01","NJN",0.039,2,"590",23,FALSE
"59",2003,"2002-03","https://www.basketball-reference.com/awards/awards_2003.html",9,"Troy Hudson",26,"hudsotr01","MIN",0.024,1,"590",14,FALSE
"60",2003,"2002-03","https://www.basketball-reference.com/awards/awards_2003.html",10,"Corey Maggette",23,"maggeco01","LAC",0.02,0,"590",12,FALSE
"61",2003,"2002-03","https://www.basketball-reference.com/awards/awards_2003.html",11,"Bobby Jackson",29,"jacksbo01","SAC",0.019,0,"590",11,FALSE
"62",2003,"2002-03","https://www.basketball-reference.com/awards/awards_2003.html",12,"Michael Redd",23,"reddmi01","MIL",0.015,1,"590",9,FALSE
"63",2003,"2002-03","https://www.basketball-reference.com/awards/awards_2003.html",13,"Metta World Peace",23,"artesro01","IND",0.012,1,"590",7,FALSE
"64",2003,"2002-03","https://www.basketball-reference.com/awards/awards_2003.html",14,"Andrei Kirilenko",21,"kirilan01","UTA",0.008,1,"590",5,FALSE
"65",2003,"2002-03","https://www.basketball-reference.com/awards/awards_2003.html",14,"Dirk Nowitzki",24,"nowitdi01","DAL",0.008,1,"590",5,FALSE
"66",2003,"2002-03","https://www.basketball-reference.com/awards/awards_2003.html",14,"Jermaine O'Neal",24,"onealje01","IND",0.008,1,"590",5,FALSE
"67",2003,"2002-03","https://www.basketball-reference.com/awards/awards_2003.html",14,"Stephon Marbury",25,"marbust01","PHO",0.008,0,"590",5,FALSE
"68",2003,"2002-03","https://www.basketball-reference.com/awards/awards_2003.html",18,"Stephen Jackson",24,"jacksst02","SAS",0.007,0,"590",4,FALSE
"69",2003,"2002-03","https://www.basketball-reference.com/awards/awards_2003.html",18,"Tracy McGrady",23,"mcgratr01","ORL",0.007,0,"590",4,FALSE
"70",2003,"2002-03","https://www.basketball-reference.com/awards/awards_2003.html",18,"Brad Miller",26,"millebr01","IND",0.007,0,"590",4,FALSE
"71",2003,"2002-03","https://www.basketball-reference.com/awards/awards_2003.html",21,"Brent Barry",31,"barrybr01","SEA",0.005,0,"590",3,FALSE
"72",2003,"2002-03","https://www.basketball-reference.com/awards/awards_2003.html",21,"Kevin Garnett",26,"garneke01","MIN",0.005,0,"590",3,FALSE
"73",2003,"2002-03","https://www.basketball-reference.com/awards/awards_2003.html",21,"Zydrunas Ilgauskas",27,"ilgauzy01","CLE",0.005,0,"590",3,FALSE
"74",2003,"2002-03","https://www.basketball-reference.com/awards/awards_2003.html",21,"Eric Snow",29,"snower01","PHI",0.005,0,"590",3,FALSE
"75",2003,"2002-03","https://www.basketball-reference.com/awards/awards_2003.html",25,"Earl Boykins",26,"boykiea01","GSW",0.003,0,"590",2,FALSE
"76",2003,"2002-03","https://www.basketball-reference.com/awards/awards_2003.html",26,"Dion Glover",24,"glovedi01","ATL",0.002,0,"590",1,FALSE
"77",2003,"2002-03","https://www.basketball-reference.com/awards/awards_2003.html",26,"Anfernee Hardaway",31,"hardaan01","PHO",0.002,0,"590",1,FALSE
"78",2003,"2002-03","https://www.basketball-reference.com/awards/awards_2003.html",26,"Antawn Jamison",26,"jamisan01","GSW",0.002,0,"590",1,FALSE
"79",2003,"2002-03","https://www.basketball-reference.com/awards/awards_2003.html",26,"Steve Nash",28,"nashst01","DAL",0.002,0,"590",1,FALSE
"80",2003,"2002-03","https://www.basketball-reference.com/awards/awards_2003.html",26,"Rasho Nesterovic",26,"nestera01","MIN",0.002,0,"590",1,FALSE
"81",2003,"2002-03","https://www.basketball-reference.com/awards/awards_2003.html",26,"Stromile Swift",23,"swiftst01","MEM",0.002,0,"590",1,FALSE
"82",2004,"2003-04","https://www.basketball-reference.com/awards/awards_2004.html",1,"Zach Randolph",22,"randoza01","POR",0.626,59,"605",379,TRUE
"83",2004,"2003-04","https://www.basketball-reference.com/awards/awards_2004.html",2,"Carlos Boozer",22,"boozeca01","CLE",0.274,12,"605",166,FALSE
"84",2004,"2003-04","https://www.basketball-reference.com/awards/awards_2004.html",3,"James Posey",27,"poseyja01","MEM",0.226,17,"605",137,FALSE
"85",2004,"2003-04","https://www.basketball-reference.com/awards/awards_2004.html",4,"Andrei Kirilenko",22,"kirilan01","UTA",0.167,11,"605",101,FALSE
"86",2004,"2003-04","https://www.basketball-reference.com/awards/awards_2004.html",5,"Michael Redd",24,"reddmi01","MIL",0.157,9,"605",95,FALSE
"87",2004,"2003-04","https://www.basketball-reference.com/awards/awards_2004.html",6,"Lamar Odom",24,"odomla01","MIA",0.051,1,"605",31,FALSE
"88",2004,"2003-04","https://www.basketball-reference.com/awards/awards_2004.html",7,"Jamaal Magloire",25,"magloja01","NOH",0.043,3,"605",26,FALSE
"89",2004,"2003-04","https://www.basketball-reference.com/awards/awards_2004.html",8,"Samuel Dalembert",22,"dalemsa01","PHI",0.041,3,"605",25,FALSE
"90",2004,"2003-04","https://www.basketball-reference.com/awards/awards_2004.html",9,"Joe Johnson",22,"johnsjo02","PHO",0.033,1,"605",20,FALSE
"91",2004,"2003-04","https://www.basketball-reference.com/awards/awards_2004.html",10,"Brian Cardinal",26,"cardibr01","GSW",0.03,1,"605",18,FALSE
"92",2004,"2003-04","https://www.basketball-reference.com/awards/awards_2004.html",11,"Rafer Alston",27,"alstora01","MIA",0.026,2,"605",16,FALSE
"93",2004,"2003-04","https://www.basketball-reference.com/awards/awards_2004.html",12,"Mark Blount",28,"blounma01","BOS",0.017,0,"605",10,FALSE
"94",2004,"2003-04","https://www.basketball-reference.com/awards/awards_2004.html",13,"Quentin Richardson",23,"richaqu01","LAC",0.013,1,"605",8,FALSE
"95",2004,"2003-04","https://www.basketball-reference.com/awards/awards_2004.html",13,"Carlos Arroyo",24,"arroyca01","UTA",0.013,0,"605",8,FALSE
"96",2004,"2003-04","https://www.basketball-reference.com/awards/awards_2004.html",15,"Metta World Peace",24,"artesro01","IND",0.012,1,"605",7,FALSE
"97",2004,"2003-04","https://www.basketball-reference.com/awards/awards_2004.html",15,"Yao Ming",23,"mingya01","HOU",0.012,0,"605",7,FALSE
"98",2004,"2003-04","https://www.basketball-reference.com/awards/awards_2004.html",15,"Flip Murray",24,"murraro01","SEA",0.012,0,"605",7,FALSE
"99",2004,"2003-04","https://www.basketball-reference.com/awards/awards_2004.html",18,"Erick Dampier",28,"dampier01","GSW",0.008,0,"605",5,FALSE
"100",2004,"2003-04","https://www.basketball-reference.com/awards/awards_2004.html",19,"Richard Jefferson",23,"jefferi01","NJN",0.007,0,"605",4,FALSE
"101",2004,"2003-04","https://www.basketball-reference.com/awards/awards_2004.html",20,"Mike Dunleavy",23,"dunlemi02","GSW",0.005,0,"605",3,FALSE
"102",2004,"2003-04","https://www.basketball-reference.com/awards/awards_2004.html",20,"Manu Ginobili",26,"ginobma01","SAS",0.005,0,"605",3,FALSE
"103",2004,"2003-04","https://www.basketball-reference.com/awards/awards_2004.html",20,"Corey Maggette",24,"maggeco01","LAC",0.005,0,"605",3,FALSE
"104",2004,"2003-04","https://www.basketball-reference.com/awards/awards_2004.html",23,"Tayshaun Prince",23,"princta01","DET",0.003,0,"605",2,FALSE
"105",2004,"2003-04","https://www.basketball-reference.com/awards/awards_2004.html",24,"Raja Bell",27,"bellra01","UTA",0.002,0,"605",1,FALSE
"106",2004,"2003-04","https://www.basketball-reference.com/awards/awards_2004.html",24,"Marcus Camby",29,"cambyma01","DEN",0.002,0,"605",1,FALSE
"107",2004,"2003-04","https://www.basketball-reference.com/awards/awards_2004.html",24,"Pau Gasol",23,"gasolpa01","MEM",0.002,0,"605",1,FALSE
"108",2004,"2003-04","https://www.basketball-reference.com/awards/awards_2004.html",24,"Nene",21,"hilarne01","DEN",0.002,0,"605",1,FALSE
"109",2004,"2003-04","https://www.basketball-reference.com/awards/awards_2004.html",24,"Stephen Jackson",25,"jacksst02","ATL",0.002,0,"605",1,FALSE
"110",2004,"2003-04","https://www.basketball-reference.com/awards/awards_2004.html",24,"Desmond Mason",26,"masonde01","MIL",0.002,0,"605",1,FALSE
"111",2004,"2003-04","https://www.basketball-reference.com/awards/awards_2004.html",24,"Kenny Thomas",26,"thomake01","PHI",0.002,0,"605",1,FALSE
"112",2004,"2003-04","https://www.basketball-reference.com/awards/awards_2004.html",24,"Jason Williams",28,"willija02","MEM",0.002,0,"605",1,FALSE
"113",2005,"2004-05","https://www.basketball-reference.com/awards/awards_2005.html",1,"Bobby Simmons",24,"simmobo01","LAC",0.624,59,"615",384,TRUE
"114",2005,"2004-05","https://www.basketball-reference.com/awards/awards_2005.html",2,"Dwyane Wade",23,"wadedw01","MIA",0.21,15,"615",129,FALSE
"115",2005,"2004-05","https://www.basketball-reference.com/awards/awards_2005.html",3,"Tayshaun Prince",24,"princta01","DET",0.174,14,"615",107,FALSE
"116",2005,"2004-05","https://www.basketball-reference.com/awards/awards_2005.html",4,"Primoz Brezec",25,"brezepr01","CHA",0.122,5,"615",75,FALSE
"117",2005,"2004-05","https://www.basketball-reference.com/awards/awards_2005.html",5,"Dan Dickau",26,"dickada01","TOT",0.111,5,"615",68,FALSE
"118",2005,"2004-05","https://www.basketball-reference.com/awards/awards_2005.html",6,"LeBron James",20,"jamesle01","CLE",0.093,4,"615",57,FALSE
"119",2005,"2004-05","https://www.basketball-reference.com/awards/awards_2005.html",7,"Amar'e Stoudemire",22,"stoudam01","PHO",0.075,5,"615",46,FALSE
"120",2005,"2004-05","https://www.basketball-reference.com/awards/awards_2005.html",8,"Larry Hughes",26,"hughela01","WAS",0.046,1,"615",28,FALSE
"121",2005,"2004-05","https://www.basketball-reference.com/awards/awards_2005.html",8,"Joel Przybilla",25,"przybjo01","POR",0.046,1,"615",28,FALSE
"122",2005,"2004-05","https://www.basketball-reference.com/awards/awards_2005.html",10,"Chris Bosh",20,"boshch01","TOR",0.034,1,"615",21,FALSE
"123",2005,"2004-05","https://www.basketball-reference.com/awards/awards_2005.html",11,"Grant Hill",32,"hillgr01","ORL",0.028,2,"615",17,FALSE
"124",2005,"2004-05","https://www.basketball-reference.com/awards/awards_2005.html",12,"Udonis Haslem",24,"hasleud01","MIA",0.026,1,"615",16,FALSE
"125",2005,"2004-05","https://www.basketball-reference.com/awards/awards_2005.html",13,"Damon Jones",28,"jonesda01","MIA",0.023,2,"615",14,FALSE
"126",2005,"2004-05","https://www.basketball-reference.com/awards/awards_2005.html",13,"Luke Ridnour",23,"ridnolu01","SEA",0.023,1,"615",14,FALSE
"127",2005,"2004-05","https://www.basketball-reference.com/awards/awards_2005.html",15,"Gilbert Arenas",23,"arenagi01","WAS",0.021,1,"615",13,FALSE
"128",2005,"2004-05","https://www.basketball-reference.com/awards/awards_2005.html",16,"Kirk Hinrich",24,"hinriki01","CHI",0.02,1,"615",12,FALSE
"129",2005,"2004-05","https://www.basketball-reference.com/awards/awards_2005.html",17,"Kyle Korver",23,"korveky01","PHI",0.015,0,"615",9,FALSE
"130",2005,"2004-05","https://www.basketball-reference.com/awards/awards_2005.html",18,"Tyson Chandler",22,"chandty01","CHI",0.013,0,"615",8,FALSE
"131",2005,"2004-05","https://www.basketball-reference.com/awards/awards_2005.html",19,"Josh Howard",24,"howarjo01","DAL",0.011,1,"615",7,FALSE
"132",2005,"2004-05","https://www.basketball-reference.com/awards/awards_2005.html",20,"Vince Carter",28,"cartevi01","TOT",0.01,1,"615",6,FALSE
"133",2005,"2004-05","https://www.basketball-reference.com/awards/awards_2005.html",20,"Joe Johnson",23,"johnsjo02","PHO",0.01,0,"615",6,FALSE
"134",2005,"2004-05","https://www.basketball-reference.com/awards/awards_2005.html",22,"Shawn Marion",26,"mariosh01","PHO",0.008,1,"615",5,FALSE
"135",2005,"2004-05","https://www.basketball-reference.com/awards/awards_2005.html",22,"Dirk Nowitzki",26,"nowitdi01","DAL",0.008,1,"615",5,FALSE
"136",2005,"2004-05","https://www.basketball-reference.com/awards/awards_2005.html",22,"Shaquille O'Neal",32,"onealsh01","MIA",0.008,1,"615",5,FALSE
"137",2005,"2004-05","https://www.basketball-reference.com/awards/awards_2005.html",22,"Eddy Curry",22,"curryed01","CHI",0.008,0,"615",5,FALSE
"138",2005,"2004-05","https://www.basketball-reference.com/awards/awards_2005.html",26,"Reggie Evans",24,"evansre01","SEA",0.005,0,"615",3,FALSE
"139",2005,"2004-05","https://www.basketball-reference.com/awards/awards_2005.html",26,"Fred Jones",25,"jonesfr01","IND",0.005,0,"615",3,FALSE
"140",2005,"2004-05","https://www.basketball-reference.com/awards/awards_2005.html",26,"Brevin Knight",29,"knighbr01","CHA",0.005,0,"615",3,FALSE
"141",2005,"2004-05","https://www.basketball-reference.com/awards/awards_2005.html",26,"Jason Richardson",24,"richaja01","GSW",0.005,0,"615",3,FALSE
"142",2005,"2004-05","https://www.basketball-reference.com/awards/awards_2005.html",26,"Gerald Wallace",22,"wallage01","CHA",0.005,0,"615",3,FALSE
"143",2005,"2004-05","https://www.basketball-reference.com/awards/awards_2005.html",31,"Drew Gooden",23,"goodedr01","CLE",0.003,0,"615",2,FALSE
"144",2005,"2004-05","https://www.basketball-reference.com/awards/awards_2005.html",32,"Ricky Davis",25,"davisri01","BOS",0.002,0,"615",1,FALSE
"145",2005,"2004-05","https://www.basketball-reference.com/awards/awards_2005.html",32,"Anthony Johnson",30,"johnsan02","IND",0.002,0,"615",1,FALSE
"146",2005,"2004-05","https://www.basketball-reference.com/awards/awards_2005.html",32,"Rashard Lewis",25,"lewisra02","SEA",0.002,0,"615",1,FALSE
"147",2005,"2004-05","https://www.basketball-reference.com/awards/awards_2005.html",32,"Tony Parker",22,"parketo01","SAS",0.002,0,"615",1,FALSE
"148",2005,"2004-05","https://www.basketball-reference.com/awards/awards_2005.html",32,"Mickael Pietrus",22,"pietrmi01","GSW",0.002,0,"615",1,FALSE
"149",2006,"2005-06","https://www.basketball-reference.com/awards/awards_2006.html",1,"Boris Diaw",23,"diawbo01","PHO",0.776,80,"630",489,TRUE
"150",2006,"2005-06","https://www.basketball-reference.com/awards/awards_2006.html",2,"David West",25,"westda01","NOK",0.449,22,"630",283,FALSE
"151",2006,"2005-06","https://www.basketball-reference.com/awards/awards_2006.html",3,"Nenad Krstic",22,"krstine01","NJN",0.103,4,"630",65,FALSE
"152",2006,"2005-06","https://www.basketball-reference.com/awards/awards_2006.html",4,"Gerald Wallace",23,"wallage01","CHA",0.073,3,"630",46,FALSE
"153",2006,"2005-06","https://www.basketball-reference.com/awards/awards_2006.html",5,"Chris Bosh",21,"boshch01","TOR",0.068,3,"630",43,FALSE
"154",2006,"2005-06","https://www.basketball-reference.com/awards/awards_2006.html",6,"Andres Nocioni",26,"nocioan01","CHI",0.046,4,"630",29,FALSE
"155",2006,"2005-06","https://www.basketball-reference.com/awards/awards_2006.html",6,"Tony Parker",23,"parketo01","SAS",0.046,3,"630",29,FALSE
"156",2006,"2005-06","https://www.basketball-reference.com/awards/awards_2006.html",8,"Mike James",30,"jamesmi01","TOR",0.033,1,"630",21,FALSE
"157",2006,"2005-06","https://www.basketball-reference.com/awards/awards_2006.html",9,"Carmelo Anthony",21,"anthoca01","DEN",0.03,2,"630",19,FALSE
"158",2006,"2005-06","https://www.basketball-reference.com/awards/awards_2006.html",10,"Jameer Nelson",23,"nelsoja01","ORL",0.029,1,"630",18,FALSE
"159",2006,"2005-06","https://www.basketball-reference.com/awards/awards_2006.html",11,"Yao Ming",25,"mingya01","HOU",0.022,2,"630",14,FALSE
"160",2006,"2005-06","https://www.basketball-reference.com/awards/awards_2006.html",11,"Chris Kaman",23,"kamanch01","LAC",0.022,0,"630",14,FALSE
"161",2006,"2005-06","https://www.basketball-reference.com/awards/awards_2006.html",13,"Elton Brand",26,"brandel01","LAC",0.016,0,"630",10,FALSE
"162",2006,"2005-06","https://www.basketball-reference.com/awards/awards_2006.html",14,"DeSagana Diop",24,"diopde01","DAL",0.013,1,"630",8,FALSE
"163",2006,"2005-06","https://www.basketball-reference.com/awards/awards_2006.html",14,"Smush Parker",24,"parkesm01","LAL",0.013,0,"630",8,FALSE
"164",2006,"2005-06","https://www.basketball-reference.com/awards/awards_2006.html",16,"Pau Gasol",25,"gasolpa01","MEM",0.01,0,"630",6,FALSE
"165",2006,"2005-06","https://www.basketball-reference.com/awards/awards_2006.html",16,"Mehmet Okur",26,"okurme01","UTA",0.01,0,"630",6,FALSE
"166",2006,"2005-06","https://www.basketball-reference.com/awards/awards_2006.html",18,"Dwight Howard",20,"howardw01","ORL",0.008,0,"630",5,FALSE
"167",2006,"2005-06","https://www.basketball-reference.com/awards/awards_2006.html",19,"Caron Butler",25,"butleca01","WAS",0.006,0,"630",4,FALSE
"168",2006,"2005-06","https://www.basketball-reference.com/awards/awards_2006.html",19,"LeBron James",21,"jamesle01","CLE",0.006,0,"630",4,FALSE
"169",2006,"2005-06","https://www.basketball-reference.com/awards/awards_2006.html",21,"Kevin Martin",22,"martike02","SAC",0.003,0,"630",2,FALSE
"170",2006,"2005-06","https://www.basketball-reference.com/awards/awards_2006.html",21,"Zaza Pachulia",21,"pachuza01","ATL",0.003,0,"630",2,FALSE
"171",2006,"2005-06","https://www.basketball-reference.com/awards/awards_2006.html",23,"Raja Bell",29,"bellra01","PHO",0.002,0,"630",1,FALSE
"172",2006,"2005-06","https://www.basketball-reference.com/awards/awards_2006.html",23,"Kobe Bryant",27,"bryanko01","LAL",0.002,0,"630",1,FALSE
"173",2006,"2005-06","https://www.basketball-reference.com/awards/awards_2006.html",23,"Luol Deng",20,"denglu01","CHI",0.002,0,"630",1,FALSE
"174",2006,"2005-06","https://www.basketball-reference.com/awards/awards_2006.html",23,"Matt Harpring",29,"harprma01","UTA",0.002,0,"630",1,FALSE
"175",2006,"2005-06","https://www.basketball-reference.com/awards/awards_2006.html",23,"Paul Pierce",28,"piercpa01","BOS",0.002,0,"630",1,FALSE
"176",2006,"2005-06","https://www.basketball-reference.com/awards/awards_2006.html",23,"Bobby Simmons",25,"simmobo01","MIL",0.002,0,"630",1,FALSE
"177",2006,"2005-06","https://www.basketball-reference.com/awards/awards_2006.html",23,"Josh Smith",20,"smithjo03","ATL",0.002,0,"630",1,FALSE
"178",2006,"2005-06","https://www.basketball-reference.com/awards/awards_2006.html",23,"Chris Wilcox",23,"wilcoch01","TOT",0.002,0,"630",1,FALSE
"179",2006,"2005-06","https://www.basketball-reference.com/awards/awards_2006.html",23,"Mo Williams",23,"willima01","MIL",0.002,0,"630",1,FALSE
"180",2007,"2006-07","https://www.basketball-reference.com/awards/awards_2007.html",1,"Monta Ellis",21,"ellismo01","GSW",0.546,47,"645",352,TRUE
"181",2007,"2006-07","https://www.basketball-reference.com/awards/awards_2007.html",2,"Kevin Martin",23,"martike02","SAC",0.541,44,"645",349,FALSE
"182",2007,"2006-07","https://www.basketball-reference.com/awards/awards_2007.html",3,"Deron Williams",22,"willide01","UTA",0.157,13,"645",101,FALSE
"183",2007,"2006-07","https://www.basketball-reference.com/awards/awards_2007.html",4,"Tyson Chandler",24,"chandty01","NOK",0.112,6,"645",72,FALSE
"184",2007,"2006-07","https://www.basketball-reference.com/awards/awards_2007.html",5,"Andris Biedrins",20,"biedran01","GSW",0.099,8,"645",64,FALSE
"185",2007,"2006-07","https://www.basketball-reference.com/awards/awards_2007.html",6,"Al Jefferson",22,"jeffeal01","BOS",0.096,2,"645",62,FALSE
"186",2007,"2006-07","https://www.basketball-reference.com/awards/awards_2007.html",7,"Luol Deng",21,"denglu01","CHI",0.068,2,"645",44,FALSE
"187",2007,"2006-07","https://www.basketball-reference.com/awards/awards_2007.html",8,"Leandro Barbosa",24,"barbole01","PHO",0.037,3,"645",24,FALSE
"188",2007,"2006-07","https://www.basketball-reference.com/awards/awards_2007.html",9,"Andre Iguodala",23,"iguodan01","PHI",0.022,1,"645",14,FALSE
"189",2007,"2006-07","https://www.basketball-reference.com/awards/awards_2007.html",10,"David Lee",23,"leeda02","NYK",0.019,0,"645",12,FALSE
"190",2007,"2006-07","https://www.basketball-reference.com/awards/awards_2007.html",11,"Jason Kapono",25,"kaponja01","MIA",0.016,0,"645",10,FALSE
"191",2007,"2006-07","https://www.basketball-reference.com/awards/awards_2007.html",12,"Josh Howard",26,"howarjo01","DAL",0.014,1,"645",9,FALSE
"192",2007,"2006-07","https://www.basketball-reference.com/awards/awards_2007.html",12,"Mikki Moore",31,"mooremi01","NJN",0.014,0,"645",9,FALSE
"193",2007,"2006-07","https://www.basketball-reference.com/awards/awards_2007.html",14,"Carlos Boozer",25,"boozeca01","UTA",0.012,1,"645",8,FALSE
"194",2007,"2006-07","https://www.basketball-reference.com/awards/awards_2007.html",15,"Jose Calderon",25,"caldejo01","TOR",0.009,0,"645",6,FALSE
"195",2007,"2006-07","https://www.basketball-reference.com/awards/awards_2007.html",16,"Amar'e Stoudemire",24,"stoudam01","PHO",0.008,1,"645",5,FALSE
"196",2007,"2006-07","https://www.basketball-reference.com/awards/awards_2007.html",17,"Matt Carroll",26,"carroma01","CHA",0.005,0,"645",3,FALSE
"197",2007,"2006-07","https://www.basketball-reference.com/awards/awards_2007.html",17,"Eddy Curry",24,"curryed01","NYK",0.005,0,"645",3,FALSE
"198",2007,"2006-07","https://www.basketball-reference.com/awards/awards_2007.html",17,"Bostjan Nachbar",26,"nachbbo01","NJN",0.005,0,"645",3,FALSE
"199",2007,"2006-07","https://www.basketball-reference.com/awards/awards_2007.html",20,"Caron Butler",26,"butleca01","WAS",0.003,0,"645",2,FALSE
"200",2007,"2006-07","https://www.basketball-reference.com/awards/awards_2007.html",21,"Andrew Bynum",19,"bynuman01","LAL",0.002,0,"645",1,FALSE
"201",2007,"2006-07","https://www.basketball-reference.com/awards/awards_2007.html",21,"Ben Gordon",23,"gordobe01","CHI",0.002,0,"645",1,FALSE
"202",2007,"2006-07","https://www.basketball-reference.com/awards/awards_2007.html",21,"Nene",24,"hilarne01","DEN",0.002,0,"645",1,FALSE
"203",2007,"2006-07","https://www.basketball-reference.com/awards/awards_2007.html",21,"Dwight Howard",21,"howardw01","ORL",0.002,0,"645",1,FALSE
"204",2007,"2006-07","https://www.basketball-reference.com/awards/awards_2007.html",21,"Sasha Pavlovic",23,"pavloal01","CLE",0.002,0,"645",1,FALSE
"205",2007,"2006-07","https://www.basketball-reference.com/awards/awards_2007.html",21,"Josh Smith",21,"smithjo03","ATL",0.002,0,"645",1,FALSE
"206",2007,"2006-07","https://www.basketball-reference.com/awards/awards_2007.html",21,"Gerald Wallace",24,"wallage01","CHA",0.002,0,"645",1,FALSE
"207",2007,"2006-07","https://www.basketball-reference.com/awards/awards_2007.html",21,"Luke Walton",26,"waltolu01","LAL",0.002,0,"645",1,FALSE
"208",2007,"2006-07","https://www.basketball-reference.com/awards/awards_2007.html",21,"Chris Wilcox",24,"wilcoch01","SEA",0.002,0,"645",1,FALSE
"209",2008,"2007-08","https://www.basketball-reference.com/awards/awards_2008.html",1,"Hedo Turkoglu",28,"turkohe01","ORL",0.608,61,"625",380,TRUE
"210",2008,"2007-08","https://www.basketball-reference.com/awards/awards_2008.html",2,"Rudy Gay",21,"gayru01","MEM",0.267,23,"625",167,FALSE
"211",2008,"2007-08","https://www.basketball-reference.com/awards/awards_2008.html",3,"LaMarcus Aldridge",22,"aldrila01","POR",0.205,9,"625",128,FALSE
"212",2008,"2007-08","https://www.basketball-reference.com/awards/awards_2008.html",4,"Al Jefferson",23,"jeffeal01","MIN",0.16,6,"625",100,FALSE
"213",2008,"2007-08","https://www.basketball-reference.com/awards/awards_2008.html",5,"Rajon Rondo",21,"rondora01","BOS",0.123,6,"625",77,FALSE
"214",2008,"2007-08","https://www.basketball-reference.com/awards/awards_2008.html",6,"Mike Dunleavy",27,"dunlemi02","IND",0.082,3,"625",51,FALSE
"215",2008,"2007-08","https://www.basketball-reference.com/awards/awards_2008.html",7,"Jose Calderon",26,"caldejo01","TOR",0.072,2,"625",45,FALSE
"216",2008,"2007-08","https://www.basketball-reference.com/awards/awards_2008.html",8,"Chris Paul",22,"paulch01","NOH",0.066,5,"625",41,FALSE
"217",2008,"2007-08","https://www.basketball-reference.com/awards/awards_2008.html",9,"Beno Udrih",25,"udrihbe01","SAC",0.027,1,"625",17,FALSE
"218",2008,"2007-08","https://www.basketball-reference.com/awards/awards_2008.html",10,"David West",27,"westda01","NOH",0.024,1,"625",15,FALSE
"219",2008,"2007-08","https://www.basketball-reference.com/awards/awards_2008.html",11,"Ronnie Brewer",22,"brewero02","UTA",0.019,1,"625",12,FALSE
"220",2008,"2007-08","https://www.basketball-reference.com/awards/awards_2008.html",12,"Andrew Bynum",20,"bynuman01","LAL",0.018,1,"625",11,FALSE
"221",2008,"2007-08","https://www.basketball-reference.com/awards/awards_2008.html",13,"Chris Kaman",25,"kamanch01","LAC",0.014,1,"625",9,FALSE
"222",2008,"2007-08","https://www.basketball-reference.com/awards/awards_2008.html",14,"Lou Williams",21,"willilo02","PHI",0.013,1,"625",8,FALSE
"223",2008,"2007-08","https://www.basketball-reference.com/awards/awards_2008.html",15,"Andrew Bogut",23,"bogutan01","MIL",0.011,0,"625",7,FALSE
"224",2008,"2007-08","https://www.basketball-reference.com/awards/awards_2008.html",15,"Monta Ellis",22,"ellismo01","GSW",0.011,0,"625",7,FALSE
"225",2008,"2007-08","https://www.basketball-reference.com/awards/awards_2008.html",17,"Rafer Alston",31,"alstora01","HOU",0.01,1,"625",6,FALSE
"226",2008,"2007-08","https://www.basketball-reference.com/awards/awards_2008.html",18,"Andre Iguodala",24,"iguodan01","PHI",0.008,1,"625",5,FALSE
"227",2008,"2007-08","https://www.basketball-reference.com/awards/awards_2008.html",18,"LeBron James",23,"jamesle01","CLE",0.008,1,"625",5,FALSE
"228",2008,"2007-08","https://www.basketball-reference.com/awards/awards_2008.html",18,"Travis Outlaw",23,"outlatr01","POR",0.008,1,"625",5,FALSE
"229",2008,"2007-08","https://www.basketball-reference.com/awards/awards_2008.html",21,"Brandon Bass",22,"bassbr01","DAL",0.006,0,"625",4,FALSE
"230",2008,"2007-08","https://www.basketball-reference.com/awards/awards_2008.html",21,"Deron Williams",23,"willide01","UTA",0.006,0,"625",4,FALSE
"231",2008,"2007-08","https://www.basketball-reference.com/awards/awards_2008.html",23,"Tyson Chandler",25,"chandty01","NOH",0.005,0,"625",3,FALSE
"232",2008,"2007-08","https://www.basketball-reference.com/awards/awards_2008.html",23,"Dwight Howard",22,"howardw01","ORL",0.005,0,"625",3,FALSE
"233",2008,"2007-08","https://www.basketball-reference.com/awards/awards_2008.html",23,"Linas Kleiza",23,"kleizli01","DEN",0.005,0,"625",3,FALSE
"234",2008,"2007-08","https://www.basketball-reference.com/awards/awards_2008.html",23,"Jason Maxiell",24,"maxieja01","DET",0.005,0,"625",3,FALSE
"235",2008,"2007-08","https://www.basketball-reference.com/awards/awards_2008.html",23,"Shaquille O'Neal",35,"onealsh01","TOT",0.005,0,"625",3,FALSE
"236",2008,"2007-08","https://www.basketball-reference.com/awards/awards_2008.html",28,"Danny Granger",24,"grangda01","IND",0.003,0,"625",2,FALSE
"237",2008,"2007-08","https://www.basketball-reference.com/awards/awards_2008.html",28,"Brandon Roy",23,"roybr01","POR",0.003,0,"625",2,FALSE
"238",2008,"2007-08","https://www.basketball-reference.com/awards/awards_2008.html",30,"Roger Mason Jr.",27,"masonro01","WAS",0.002,0,"625",1,FALSE
"239",2008,"2007-08","https://www.basketball-reference.com/awards/awards_2008.html",30,"JR Smith",22,"smithjr01","DEN",0.002,0,"625",1,FALSE
"240",2009,"2008-09","https://www.basketball-reference.com/awards/awards_2009.html",1,"Danny Granger",25,"grangda01","IND",0.602,48,"605",364,TRUE
"241",2009,"2008-09","https://www.basketball-reference.com/awards/awards_2009.html",2,"Devin Harris",25,"harride01","NJN",0.56,43,"605",339,FALSE
"242",2009,"2008-09","https://www.basketball-reference.com/awards/awards_2009.html",3,"Kevin Durant",20,"duranke01","OKC",0.137,6,"605",83,FALSE
"243",2009,"2008-09","https://www.basketball-reference.com/awards/awards_2009.html",4,"Paul Millsap",23,"millspa01","UTA",0.127,3,"605",77,FALSE
"244",2009,"2008-09","https://www.basketball-reference.com/awards/awards_2009.html",5,"Nene",26,"hilarne01","DEN",0.096,7,"605",58,FALSE
"245",2009,"2008-09","https://www.basketball-reference.com/awards/awards_2009.html",6,"Rajon Rondo",22,"rondora01","BOS",0.048,2,"605",29,FALSE
"246",2009,"2008-09","https://www.basketball-reference.com/awards/awards_2009.html",7,"David Lee",25,"leeda02","NYK",0.041,1,"605",25,FALSE
"247",2009,"2008-09","https://www.basketball-reference.com/awards/awards_2009.html",8,"John Salmons",29,"salmojo01","TOT",0.028,2,"605",17,FALSE
"248",2009,"2008-09","https://www.basketball-reference.com/awards/awards_2009.html",9,"Thaddeus Young",20,"youngth01","PHI",0.026,1,"605",16,FALSE
"249",2009,"2008-09","https://www.basketball-reference.com/awards/awards_2009.html",10,"Von Wafer",23,"wafervo01","HOU",0.02,2,"605",12,FALSE
"250",2009,"2008-09","https://www.basketball-reference.com/awards/awards_2009.html",11,"Brandon Roy",24,"roybr01","POR",0.013,1,"605",8,FALSE
"251",2009,"2008-09","https://www.basketball-reference.com/awards/awards_2009.html",12,"Chris Andersen",30,"anderch01","DEN",0.01,1,"605",6,FALSE
"252",2009,"2008-09","https://www.basketball-reference.com/awards/awards_2009.html",12,"JR Smith",23,"smithjr01","DEN",0.01,1,"605",6,FALSE
"253",2009,"2008-09","https://www.basketball-reference.com/awards/awards_2009.html",14,"Wilson Chandler",21,"chandwi01","NYK",0.008,1,"605",5,FALSE
"254",2009,"2008-09","https://www.basketball-reference.com/awards/awards_2009.html",14,"Glen Davis",23,"davisgl01","BOS",0.008,1,"605",5,FALSE
"255",2009,"2008-09","https://www.basketball-reference.com/awards/awards_2009.html",14,"Jason Terry",31,"terryja01","DAL",0.008,1,"605",5,FALSE
"256",2009,"2008-09","https://www.basketball-reference.com/awards/awards_2009.html",17,"Aaron Brooks",24,"brookaa01","HOU",0.007,0,"605",4,FALSE
"257",2009,"2008-09","https://www.basketball-reference.com/awards/awards_2009.html",17,"Jameer Nelson",26,"nelsoja01","ORL",0.007,0,"605",4,FALSE
"258",2009,"2008-09","https://www.basketball-reference.com/awards/awards_2009.html",19,"LaMarcus Aldridge",23,"aldrila01","POR",0.005,0,"605",3,FALSE
"259",2009,"2008-09","https://www.basketball-reference.com/awards/awards_2009.html",19,"Kelenna Azubuike",25,"azubuke01","GSW",0.005,0,"605",3,FALSE
"260",2009,"2008-09","https://www.basketball-reference.com/awards/awards_2009.html",19,"Roger Mason Jr.",28,"masonro01","SAS",0.005,0,"605",3,FALSE
"261",2009,"2008-09","https://www.basketball-reference.com/awards/awards_2009.html",19,"Dwyane Wade",27,"wadedw01","MIA",0.005,0,"605",3,FALSE
"262",2009,"2008-09","https://www.basketball-reference.com/awards/awards_2009.html",23,"Ronnie Brewer",23,"brewero02","UTA",0.003,0,"605",2,FALSE
"263",2009,"2008-09","https://www.basketball-reference.com/awards/awards_2009.html",23,"Luis Scola",28,"scolalu01","HOU",0.003,0,"605",2,FALSE
"264",2009,"2008-09","https://www.basketball-reference.com/awards/awards_2009.html",25,"J.J. Barea",24,"bareajo01","DAL",0.002,0,"605",1,FALSE
"265",2009,"2008-09","https://www.basketball-reference.com/awards/awards_2009.html",25,"Andrea Bargnani",23,"bargnan01","TOR",0.002,0,"605",1,FALSE
"266",2009,"2008-09","https://www.basketball-reference.com/awards/awards_2009.html",25,"Rasual Butler",29,"butlera01","NOH",0.002,0,"605",1,FALSE
"267",2009,"2008-09","https://www.basketball-reference.com/awards/awards_2009.html",25,"Mike Conley",21,"conlemi01","MEM",0.002,0,"605",1,FALSE
"268",2009,"2008-09","https://www.basketball-reference.com/awards/awards_2009.html",25,"Jeff Green",22,"greenje02","OKC",0.002,0,"605",1,FALSE
"269",2009,"2008-09","https://www.basketball-reference.com/awards/awards_2009.html",25,"Emeka Okafor",26,"okafoem01","CHA",0.002,0,"605",1,FALSE
"270",2009,"2008-09","https://www.basketball-reference.com/awards/awards_2009.html",25,"Kendrick Perkins",24,"perkike01","BOS",0.002,0,"605",1,FALSE
"271",2009,"2008-09","https://www.basketball-reference.com/awards/awards_2009.html",25,"Tyrus Thomas",22,"thomaty01","CHI",0.002,0,"605",1,FALSE
"272",2009,"2008-09","https://www.basketball-reference.com/awards/awards_2009.html",25,"Gerald Wallace",26,"wallage01","CHA",0.002,0,"605",1,FALSE
"273",2009,"2008-09","https://www.basketball-reference.com/awards/awards_2009.html",25,"Mo Williams",26,"willima01","CLE",0.002,0,"605",1,FALSE
"274",2010,"2009-10","https://www.basketball-reference.com/awards/awards_2010.html",1,"Aaron Brooks",25,"brookaa01","HOU",0.655,62,"615",403,TRUE
"275",2010,"2009-10","https://www.basketball-reference.com/awards/awards_2010.html",2,"Kevin Durant",21,"duranke01","OKC",0.164,17,"615",101,FALSE
"276",2010,"2009-10","https://www.basketball-reference.com/awards/awards_2010.html",2,"Marc Gasol",25,"gasolma01","MEM",0.164,9,"615",101,FALSE
"277",2010,"2009-10","https://www.basketball-reference.com/awards/awards_2010.html",2,"George Hill",23,"hillge01","SAS",0.164,7,"615",101,FALSE
"278",2010,"2009-10","https://www.basketball-reference.com/awards/awards_2010.html",5,"Andrew Bogut",25,"bogutan01","MIL",0.151,7,"615",93,FALSE
"279",2010,"2009-10","https://www.basketball-reference.com/awards/awards_2010.html",6,"Russell Westbrook",21,"westbru01","OKC",0.109,5,"615",67,FALSE
"280",2010,"2009-10","https://www.basketball-reference.com/awards/awards_2010.html",7,"Joakim Noah",24,"noahjo01","CHI",0.104,7,"615",64,FALSE
"281",2010,"2009-10","https://www.basketball-reference.com/awards/awards_2010.html",8,"Gerald Wallace",27,"wallage01","CHA",0.047,3,"615",29,FALSE
"282",2010,"2009-10","https://www.basketball-reference.com/awards/awards_2010.html",9,"Brook Lopez",21,"lopezbr01","NJN",0.031,1,"615",19,FALSE
"283",2010,"2009-10","https://www.basketball-reference.com/awards/awards_2010.html",9,"Corey Brewer",23,"breweco01","MIN",0.031,0,"615",19,FALSE
"284",2010,"2009-10","https://www.basketball-reference.com/awards/awards_2010.html",11,"Carl Landry",26,"landrca01","TOT",0.029,0,"615",18,FALSE
"285",2010,"2009-10","https://www.basketball-reference.com/awards/awards_2010.html",12,"Rajon Rondo",23,"rondora01","BOS",0.02,2,"615",12,FALSE
"286",2010,"2009-10","https://www.basketball-reference.com/awards/awards_2010.html",12,"Andray Blatche",23,"blatcan01","WAS",0.02,1,"615",12,FALSE
"287",2010,"2009-10","https://www.basketball-reference.com/awards/awards_2010.html",14,"Channing Frye",26,"fryech01","PHO",0.016,1,"615",10,FALSE
"288",2010,"2009-10","https://www.basketball-reference.com/awards/awards_2010.html",14,"Danilo Gallinari",21,"gallida01","NYK",0.016,0,"615",10,FALSE
"289",2010,"2009-10","https://www.basketball-reference.com/awards/awards_2010.html",16,"Josh Smith",24,"smithjo03","ATL",0.013,0,"615",8,FALSE
"290",2010,"2009-10","https://www.basketball-reference.com/awards/awards_2010.html",17,"David Lee",26,"leeda02","NYK",0.011,0,"615",7,FALSE
"291",2010,"2009-10","https://www.basketball-reference.com/awards/awards_2010.html",18,"Dwight Howard",24,"howardw01","ORL",0.008,1,"615",5,FALSE
"292",2010,"2009-10","https://www.basketball-reference.com/awards/awards_2010.html",19,"Ersan Ilyasova",22,"ilyaser01","MIL",0.007,0,"615",4,FALSE
"293",2010,"2009-10","https://www.basketball-reference.com/awards/awards_2010.html",19,"Chris Kaman",27,"kamanch01","LAC",0.007,0,"615",4,FALSE
"294",2010,"2009-10","https://www.basketball-reference.com/awards/awards_2010.html",19,"JJ Redick",25,"redicjj01","ORL",0.007,0,"615",4,FALSE
"295",2010,"2009-10","https://www.basketball-reference.com/awards/awards_2010.html",22,"Chris Douglas-Roberts",23,"douglch01","NJN",0.005,0,"615",3,FALSE
"296",2010,"2009-10","https://www.basketball-reference.com/awards/awards_2010.html",22,"Nene",27,"hilarne01","DEN",0.005,0,"615",3,FALSE
"297",2010,"2009-10","https://www.basketball-reference.com/awards/awards_2010.html",22,"Paul Millsap",24,"millspa01","UTA",0.005,0,"615",3,FALSE
"298",2010,"2009-10","https://www.basketball-reference.com/awards/awards_2010.html",25,"Robin Lopez",21,"lopezro01","PHO",0.003,0,"615",2,FALSE
"299",2010,"2009-10","https://www.basketball-reference.com/awards/awards_2010.html",26,"Monta Ellis",24,"ellismo01","GSW",0.002,0,"615",1,FALSE
"300",2010,"2009-10","https://www.basketball-reference.com/awards/awards_2010.html",26,"JJ Hickson",21,"hicksjj01","CLE",0.002,0,"615",1,FALSE
"301",2010,"2009-10","https://www.basketball-reference.com/awards/awards_2010.html",26,"Zach Randolph",28,"randoza01","MEM",0.002,0,"615",1,FALSE
"302",2010,"2009-10","https://www.basketball-reference.com/awards/awards_2010.html",26,"John Salmons",30,"salmojo01","TOT",0.002,0,"615",1,FALSE
"303",2010,"2009-10","https://www.basketball-reference.com/awards/awards_2010.html",26,"Ben Wallace",35,"wallabe01","DET",0.002,0,"615",1,FALSE
"304",2011,"2010-11","https://www.basketball-reference.com/awards/awards_2011.html",1,"Kevin Love",22,"loveke01","MIN",0.69,66,"580",400,TRUE
"305",2011,"2010-11","https://www.basketball-reference.com/awards/awards_2011.html",2,"LaMarcus Aldridge",25,"aldrila01","POR",0.271,11,"580",157,FALSE
"306",2011,"2010-11","https://www.basketball-reference.com/awards/awards_2011.html",3,"Dorell Wright",25,"wrighdo01","GSW",0.214,16,"580",124,FALSE
"307",2011,"2010-11","https://www.basketball-reference.com/awards/awards_2011.html",4,"Derrick Rose",22,"rosede01","CHI",0.119,11,"580",69,FALSE
"308",2011,"2010-11","https://www.basketball-reference.com/awards/awards_2011.html",5,"Kris Humphries",25,"humphkr01","NJN",0.109,1,"580",63,FALSE
"309",2011,"2010-11","https://www.basketball-reference.com/awards/awards_2011.html",6,"Kyle Lowry",24,"lowryky01","HOU",0.083,3,"580",48,FALSE
"310",2011,"2010-11","https://www.basketball-reference.com/awards/awards_2011.html",7,"Russell Westbrook",22,"westbru01","OKC",0.079,3,"580",46,FALSE
"311",2011,"2010-11","https://www.basketball-reference.com/awards/awards_2011.html",8,"Wesley Matthews",24,"matthwe02","POR",0.055,2,"580",32,FALSE
"312",2011,"2010-11","https://www.basketball-reference.com/awards/awards_2011.html",9,"Jrue Holiday",20,"holidjr01","PHI",0.026,1,"580",15,FALSE
"313",2011,"2010-11","https://www.basketball-reference.com/awards/awards_2011.html",10,"Mike Conley",23,"conlemi01","MEM",0.024,0,"580",14,FALSE
"314",2011,"2010-11","https://www.basketball-reference.com/awards/awards_2011.html",11,"Arron Afflalo",25,"afflaar01","DEN",0.022,0,"580",13,FALSE
"315",2011,"2010-11","https://www.basketball-reference.com/awards/awards_2011.html",12,"Roy Hibbert",24,"hibbero01","IND",0.016,1,"580",9,FALSE
"316",2011,"2010-11","https://www.basketball-reference.com/awards/awards_2011.html",13,"DeMar DeRozan",21,"derozde01","TOR",0.01,1,"580",6,FALSE
"317",2011,"2010-11","https://www.basketball-reference.com/awards/awards_2011.html",14,"Eric Gordon",22,"gordoer01","LAC",0.009,0,"580",5,FALSE
"318",2011,"2010-11","https://www.basketball-reference.com/awards/awards_2011.html",14,"Tyler Hansbrough",25,"hansbty01","IND",0.009,0,"580",5,FALSE
"319",2011,"2010-11","https://www.basketball-reference.com/awards/awards_2011.html",14,"Nick Young",25,"youngni01","WAS",0.009,0,"580",5,FALSE
"320",2011,"2010-11","https://www.basketball-reference.com/awards/awards_2011.html",17,"Darrell Arthur",22,"arthuda01","MEM",0.007,0,"580",4,FALSE
"321",2011,"2010-11","https://www.basketball-reference.com/awards/awards_2011.html",17,"Serge Ibaka",21,"ibakase01","OKC",0.007,0,"580",4,FALSE
"322",2011,"2010-11","https://www.basketball-reference.com/awards/awards_2011.html",17,"DeAndre Jordan",22,"jordade01","LAC",0.007,0,"580",4,FALSE
"323",2011,"2010-11","https://www.basketball-reference.com/awards/awards_2011.html",17,"Thaddeus Young",22,"youngth01","PHI",0.007,0,"580",4,FALSE
"324",2011,"2010-11","https://www.basketball-reference.com/awards/awards_2011.html",21,"D.J. Augustin",23,"augusdj01","CHA",0.005,0,"580",3,FALSE
"325",2011,"2010-11","https://www.basketball-reference.com/awards/awards_2011.html",21,"Luol Deng",25,"denglu01","CHI",0.005,0,"580",3,FALSE
"326",2011,"2010-11","https://www.basketball-reference.com/awards/awards_2011.html",21,"Amar'e Stoudemire",28,"stoudam01","NYK",0.005,0,"580",3,FALSE
"327",2011,"2010-11","https://www.basketball-reference.com/awards/awards_2011.html",24,"Tony Allen",29,"allento01","MEM",0.002,0,"580",1,FALSE
"328",2011,"2010-11","https://www.basketball-reference.com/awards/awards_2011.html",24,"Michael Beasley",22,"beaslmi01","MIN",0.002,0,"580",1,FALSE
"329",2011,"2010-11","https://www.basketball-reference.com/awards/awards_2011.html",24,"Elton Brand",31,"brandel01","PHI",0.002,0,"580",1,FALSE
"330",2011,"2010-11","https://www.basketball-reference.com/awards/awards_2011.html",24,"Tyson Chandler",28,"chandty01","DAL",0.002,0,"580",1,FALSE
"331",2011,"2010-11","https://www.basketball-reference.com/awards/awards_2011.html",24,"Jared Dudley",25,"dudleja01","PHO",0.002,0,"580",1,FALSE
"332",2011,"2010-11","https://www.basketball-reference.com/awards/awards_2011.html",24,"Marcin Gortat",26,"gortama01","TOT",0.002,0,"580",1,FALSE
"333",2011,"2010-11","https://www.basketball-reference.com/awards/awards_2011.html",24,"James Harden",21,"hardeja01","OKC",0.002,0,"580",1,FALSE
"334",2011,"2010-11","https://www.basketball-reference.com/awards/awards_2011.html",24,"Jodie Meeks",23,"meeksjo01","PHI",0.002,0,"580",1,FALSE
"335",2012,"2011-12","https://www.basketball-reference.com/awards/awards_2012.html",1,"Ryan Anderson",23,"anderry01","ORL",0.43,33,"605",260,TRUE
"336",2012,"2011-12","https://www.basketball-reference.com/awards/awards_2012.html",2,"Ersan Ilyasova",24,"ilyaser01","MIL",0.263,21,"605",159,FALSE
"337",2012,"2011-12","https://www.basketball-reference.com/awards/awards_2012.html",3,"Nikola Pekovic",26,"pekovni01","MIN",0.172,10,"605",104,FALSE
"338",2012,"2011-12","https://www.basketball-reference.com/awards/awards_2012.html",4,"Andrew Bynum",24,"bynuman01","LAL",0.167,14,"605",101,FALSE
"339",2012,"2011-12","https://www.basketball-reference.com/awards/awards_2012.html",5,"Greg Monroe",21,"monrogr01","DET",0.159,10,"605",96,FALSE
"340",2012,"2011-12","https://www.basketball-reference.com/awards/awards_2012.html",6,"Jeremy Lin",23,"linje01","NYK",0.15,10,"605",91,FALSE
"341",2012,"2011-12","https://www.basketball-reference.com/awards/awards_2012.html",7,"Goran Dragic",25,"dragigo01","HOU",0.089,4,"605",54,FALSE
"342",2012,"2011-12","https://www.basketball-reference.com/awards/awards_2012.html",8,"Avery Bradley",21,"bradlav01","BOS",0.06,4,"605",36,FALSE
"343",2012,"2011-12","https://www.basketball-reference.com/awards/awards_2012.html",9,"Danny Green",24,"greenda02","SAS",0.045,3,"605",27,FALSE
"344",2012,"2011-12","https://www.basketball-reference.com/awards/awards_2012.html",9,"Jeff Teague",23,"teaguje01","ATL",0.045,1,"605",27,FALSE
"345",2012,"2011-12","https://www.basketball-reference.com/awards/awards_2012.html",11,"Serge Ibaka",22,"ibakase01","OKC",0.026,2,"605",16,FALSE
"346",2012,"2011-12","https://www.basketball-reference.com/awards/awards_2012.html",11,"Ty Lawson",24,"lawsoty01","DEN",0.026,1,"605",16,FALSE
"347",2012,"2011-12","https://www.basketball-reference.com/awards/awards_2012.html",13,"Paul George",21,"georgpa01","IND",0.021,2,"605",13,FALSE
"348",2012,"2011-12","https://www.basketball-reference.com/awards/awards_2012.html",14,"Steve Novak",28,"novakst01","NYK",0.02,1,"605",12,FALSE
"349",2012,"2011-12","https://www.basketball-reference.com/awards/awards_2012.html",15,"DeMarcus Cousins",21,"couside01","SAC",0.018,0,"605",11,FALSE
"350",2012,"2011-12","https://www.basketball-reference.com/awards/awards_2012.html",16,"Kevin Love",23,"loveke01","MIN",0.013,1,"605",8,FALSE
"351",2012,"2011-12","https://www.basketball-reference.com/awards/awards_2012.html",17,"James Harden",22,"hardeja01","OKC",0.012,0,"605",7,FALSE
"352",2012,"2011-12","https://www.basketball-reference.com/awards/awards_2012.html",17,"Roy Hibbert",25,"hibbero01","IND",0.012,0,"605",7,FALSE
"353",2012,"2011-12","https://www.basketball-reference.com/awards/awards_2012.html",19,"Marcin Gortat",27,"gortama01","PHO",0.01,1,"605",6,FALSE
"354",2012,"2011-12","https://www.basketball-reference.com/awards/awards_2012.html",19,"Gerald Henderson",24,"hendege02","CHA",0.01,1,"605",6,FALSE
"355",2012,"2011-12","https://www.basketball-reference.com/awards/awards_2012.html",21,"Marc Gasol",27,"gasolma01","MEM",0.008,1,"605",5,FALSE
"356",2012,"2011-12","https://www.basketball-reference.com/awards/awards_2012.html",21,"Kyle Lowry",25,"lowryky01","HOU",0.008,1,"605",5,FALSE
"357",2012,"2011-12","https://www.basketball-reference.com/awards/awards_2012.html",23,"Gordon Hayward",21,"haywago01","UTA",0.007,0,"605",4,FALSE
"358",2012,"2011-12","https://www.basketball-reference.com/awards/awards_2012.html",24,"Arron Afflalo",26,"afflaar01","DEN",0.005,0,"605",3,FALSE
"359",2012,"2011-12","https://www.basketball-reference.com/awards/awards_2012.html",24,"Tony Parker",29,"parketo01","SAS",0.005,0,"605",3,FALSE
"360",2012,"2011-12","https://www.basketball-reference.com/awards/awards_2012.html",24,"C.J. Watson",27,"watsocj01","CHI",0.005,0,"605",3,FALSE
"361",2012,"2011-12","https://www.basketball-reference.com/awards/awards_2012.html",24,"Brandan Wright",24,"wrighbr03","DAL",0.005,0,"605",3,FALSE
"362",2012,"2011-12","https://www.basketball-reference.com/awards/awards_2012.html",28,"Jarrett Jack",28,"jackja01","NOH",0.002,0,"605",1,FALSE
"363",2012,"2011-12","https://www.basketball-reference.com/awards/awards_2012.html",28,"Marreese Speights",24,"speigma01","MEM",0.002,0,"605",1,FALSE
"364",2013,"2012-13","https://www.basketball-reference.com/awards/awards_2013.html",1,"Paul George",22,"georgpa01","IND",0.518,52,"600",311,TRUE
"365",2013,"2012-13","https://www.basketball-reference.com/awards/awards_2013.html",2,"Greivis Vasquez",26,"vasqugr01","NOH",0.243,13,"600",146,FALSE
"366",2013,"2012-13","https://www.basketball-reference.com/awards/awards_2013.html",3,"Larry Sanders",24,"sandela01","MIL",0.235,10,"600",141,FALSE
"367",2013,"2012-13","https://www.basketball-reference.com/awards/awards_2013.html",4,"Nikola Vucevic",22,"vucevni01","ORL",0.182,10,"600",109,FALSE
"368",2013,"2012-13","https://www.basketball-reference.com/awards/awards_2013.html",5,"Jrue Holiday",22,"holidjr01","PHI",0.17,10,"600",102,FALSE
"369",2013,"2012-13","https://www.basketball-reference.com/awards/awards_2013.html",6,"Omer Asik",26,"asikom01","HOU",0.143,9,"600",86,FALSE
"370",2013,"2012-13","https://www.basketball-reference.com/awards/awards_2013.html",7,"James Harden",23,"hardeja01","HOU",0.088,8,"600",53,FALSE
"371",2013,"2012-13","https://www.basketball-reference.com/awards/awards_2013.html",8,"Stephen Curry",24,"curryst01","GSW",0.03,1,"600",18,FALSE
"372",2013,"2012-13","https://www.basketball-reference.com/awards/awards_2013.html",9,"Serge Ibaka",23,"ibakase01","OKC",0.025,1,"600",15,FALSE
"373",2013,"2012-13","https://www.basketball-reference.com/awards/awards_2013.html",10,"Chandler Parsons",24,"parsoch01","HOU",0.023,0,"600",14,FALSE
"374",2013,"2012-13","https://www.basketball-reference.com/awards/awards_2013.html",11,"Kemba Walker",22,"walkeke02","CHA",0.015,0,"600",9,FALSE
"375",2013,"2012-13","https://www.basketball-reference.com/awards/awards_2013.html",12,"JR Smith",27,"smithjr01","NYK",0.013,1,"600",8,FALSE
"376",2013,"2012-13","https://www.basketball-reference.com/awards/awards_2013.html",12,"Klay Thompson",22,"thompkl01","GSW",0.013,1,"600",8,FALSE
"377",2013,"2012-13","https://www.basketball-reference.com/awards/awards_2013.html",14,"Jimmy Butler",23,"butleji01","CHI",0.012,0,"600",7,FALSE
"378",2013,"2012-13","https://www.basketball-reference.com/awards/awards_2013.html",15,"Ryan Anderson",24,"anderry01","NOH",0.008,1,"600",5,FALSE
"379",2013,"2012-13","https://www.basketball-reference.com/awards/awards_2013.html",15,"Carmelo Anthony",28,"anthoca01","NYK",0.008,1,"600",5,FALSE
"380",2013,"2012-13","https://www.basketball-reference.com/awards/awards_2013.html",15,"Andray Blatche",26,"blatcan01","BRK",0.008,1,"600",5,FALSE
"381",2013,"2012-13","https://www.basketball-reference.com/awards/awards_2013.html",15,"Mike Conley",25,"conlemi01","MEM",0.008,1,"600",5,FALSE
"382",2013,"2012-13","https://www.basketball-reference.com/awards/awards_2013.html",15,"Kawhi Leonard",21,"leonaka01","SAS",0.008,0,"600",5,FALSE
"383",2013,"2012-13","https://www.basketball-reference.com/awards/awards_2013.html",20,"Kevin Durant",24,"duranke01","OKC",0.007,0,"600",4,FALSE
"384",2013,"2012-13","https://www.basketball-reference.com/awards/awards_2013.html",21,"Arron Afflalo",27,"afflaar01","ORL",0.005,0,"600",3,FALSE
"385",2013,"2012-13","https://www.basketball-reference.com/awards/awards_2013.html",21,"Earl Clark",25,"clarkea01","LAL",0.005,0,"600",3,FALSE
"386",2013,"2012-13","https://www.basketball-reference.com/awards/awards_2013.html",21,"Kenneth Faried",23,"farieke01","DEN",0.005,0,"600",3,FALSE
"387",2013,"2012-13","https://www.basketball-reference.com/awards/awards_2013.html",21,"Greg Monroe",22,"monrogr01","DET",0.005,0,"600",3,FALSE
"388",2013,"2012-13","https://www.basketball-reference.com/awards/awards_2013.html",21,"Joakim Noah",27,"noahjo01","CHI",0.005,0,"600",3,FALSE
"389",2013,"2012-13","https://www.basketball-reference.com/awards/awards_2013.html",26,"Tristan Thompson",21,"thomptr01","CLE",0.003,0,"600",2,FALSE
"390",2013,"2012-13","https://www.basketball-reference.com/awards/awards_2013.html",27,"Tobias Harris",20,"harrito02","TOT",0.002,0,"600",1,FALSE
"391",2013,"2012-13","https://www.basketball-reference.com/awards/awards_2013.html",27,"Jarrett Jack",29,"jackja01","GSW",0.002,0,"600",1,FALSE
"392",2013,"2012-13","https://www.basketball-reference.com/awards/awards_2013.html",27,"Ty Lawson",25,"lawsoty01","DEN",0.002,0,"600",1,FALSE
"393",2013,"2012-13","https://www.basketball-reference.com/awards/awards_2013.html",27,"Brook Lopez",24,"lopezbr01","BRK",0.002,0,"600",1,FALSE
"394",2013,"2012-13","https://www.basketball-reference.com/awards/awards_2013.html",27,"Robin Lopez",24,"lopezro01","NOH",0.002,0,"600",1,FALSE
"395",2013,"2012-13","https://www.basketball-reference.com/awards/awards_2013.html",27,"Lance Stephenson",22,"stephla01","IND",0.002,0,"600",1,FALSE
"396",2013,"2012-13","https://www.basketball-reference.com/awards/awards_2013.html",27,"Jeff Teague",24,"teaguje01","ATL",0.002,0,"600",1,FALSE
"397",2014,"2013-14","https://www.basketball-reference.com/awards/awards_2014.html",1,"Goran Dragic",27,"dragigo01","PHO",0.648,65,"630",408,TRUE
"398",2014,"2013-14","https://www.basketball-reference.com/awards/awards_2014.html",2,"Lance Stephenson",23,"stephla01","IND",0.251,13,"630",158,FALSE
"399",2014,"2013-14","https://www.basketball-reference.com/awards/awards_2014.html",3,"Anthony Davis",20,"davisan02","NOP",0.246,16,"630",155,FALSE
"400",2014,"2013-14","https://www.basketball-reference.com/awards/awards_2014.html",4,"Gerald Green",28,"greenge01","PHO",0.186,16,"630",117,FALSE
"401",2014,"2013-14","https://www.basketball-reference.com/awards/awards_2014.html",5,"DeAndre Jordan",25,"jordade01","LAC",0.105,4,"630",66,FALSE
"402",2014,"2013-14","https://www.basketball-reference.com/awards/awards_2014.html",6,"Kyle Lowry",27,"lowryky01","TOR",0.068,2,"630",43,FALSE
"403",2014,"2013-14","https://www.basketball-reference.com/awards/awards_2014.html",7,"Blake Griffin",24,"griffbl01","LAC",0.062,6,"630",39,FALSE
"404",2014,"2013-14","https://www.basketball-reference.com/awards/awards_2014.html",8,"DeMar DeRozan",24,"derozde01","TOR",0.044,1,"630",28,FALSE
"405",2014,"2013-14","https://www.basketball-reference.com/awards/awards_2014.html",9,"Patty Mills",25,"millspa02","SAS",0.022,0,"630",14,FALSE
"406",2014,"2013-14","https://www.basketball-reference.com/awards/awards_2014.html",10,"Markieff Morris",24,"morrima02","PHO",0.021,1,"630",13,FALSE
"407",2014,"2013-14","https://www.basketball-reference.com/awards/awards_2014.html",10,"Isaiah Thomas",24,"thomais02","SAC",0.021,0,"630",13,FALSE
"408",2014,"2013-14","https://www.basketball-reference.com/awards/awards_2014.html",12,"Shaun Livingston",28,"livinsh01","BRK",0.017,0,"630",11,FALSE
"409",2014,"2013-14","https://www.basketball-reference.com/awards/awards_2014.html",13,"D.J. Augustin",26,"augusdj01","TOT",0.014,1,"630",9,FALSE
"410",2014,"2013-14","https://www.basketball-reference.com/awards/awards_2014.html",14,"Reggie Jackson",23,"jacksre01","OKC",0.013,0,"630",8,FALSE
"411",2014,"2013-14","https://www.basketball-reference.com/awards/awards_2014.html",15,"Robin Lopez",25,"lopezro01","POR",0.01,0,"630",6,FALSE
"412",2014,"2013-14","https://www.basketball-reference.com/awards/awards_2014.html",15,"Klay Thompson",23,"thompkl01","GSW",0.01,0,"630",6,FALSE
"413",2014,"2013-14","https://www.basketball-reference.com/awards/awards_2014.html",17,"Kevin Durant",25,"duranke01","OKC",0.008,1,"630",5,FALSE
"414",2014,"2013-14","https://www.basketball-reference.com/awards/awards_2014.html",17,"DeMarcus Cousins",23,"couside01","SAC",0.008,0,"630",5,FALSE
"415",2014,"2013-14","https://www.basketball-reference.com/awards/awards_2014.html",19,"Al Jefferson",29,"jeffeal01","CHA",0.006,0,"630",4,FALSE
"416",2014,"2013-14","https://www.basketball-reference.com/awards/awards_2014.html",20,"Bradley Beal",20,"bealbr01","WAS",0.005,0,"630",3,FALSE
"417",2014,"2013-14","https://www.basketball-reference.com/awards/awards_2014.html",20,"Mike Conley",26,"conlemi01","MEM",0.005,0,"630",3,FALSE
"418",2014,"2013-14","https://www.basketball-reference.com/awards/awards_2014.html",20,"Andre Drummond",20,"drumman01","DET",0.005,0,"630",3,FALSE
"419",2014,"2013-14","https://www.basketball-reference.com/awards/awards_2014.html",20,"Taj Gibson",28,"gibsota01","CHI",0.005,0,"630",3,FALSE
"420",2014,"2013-14","https://www.basketball-reference.com/awards/awards_2014.html",20,"LeBron James",29,"jamesle01","MIA",0.005,0,"630",3,FALSE
"421",2014,"2013-14","https://www.basketball-reference.com/awards/awards_2014.html",20,"Terrence Jones",22,"joneste01","HOU",0.005,0,"630",3,FALSE
"422",2014,"2013-14","https://www.basketball-reference.com/awards/awards_2014.html",20,"Jodie Meeks",26,"meeksjo01","LAL",0.005,0,"630",3,FALSE
"423",2014,"2013-14","https://www.basketball-reference.com/awards/awards_2014.html",27,"LaMarcus Aldridge",28,"aldrila01","POR",0.002,0,"630",1,FALSE
"424",2014,"2013-14","https://www.basketball-reference.com/awards/awards_2014.html",27,"Alec Burks",22,"burksal01","UTA",0.002,0,"630",1,FALSE
"425",2014,"2013-14","https://www.basketball-reference.com/awards/awards_2014.html",27,"Paul Millsap",28,"millspa01","ATL",0.002,0,"630",1,FALSE
"426",2014,"2013-14","https://www.basketball-reference.com/awards/awards_2014.html",27,"Chandler Parsons",25,"parsoch01","HOU",0.002,0,"630",1,FALSE
"427",2014,"2013-14","https://www.basketball-reference.com/awards/awards_2014.html",27,"John Wall",23,"walljo01","WAS",0.002,0,"630",1,FALSE
"428",2015,"2014-15","https://www.basketball-reference.com/awards/awards_2015.html",1,"Jimmy Butler",25,"butleji01","CHI",0.829,92,"645",535,TRUE
"429",2015,"2014-15","https://www.basketball-reference.com/awards/awards_2015.html",2,"Draymond Green",24,"greendr01","GSW",0.31,11,"645",200,FALSE
"430",2015,"2014-15","https://www.basketball-reference.com/awards/awards_2015.html",3,"Rudy Gobert",22,"goberru01","UTA",0.293,12,"645",189,FALSE
"431",2015,"2014-15","https://www.basketball-reference.com/awards/awards_2015.html",4,"Hassan Whiteside",25,"whiteha01","MIA",0.136,5,"645",88,FALSE
"432",2015,"2014-15","https://www.basketball-reference.com/awards/awards_2015.html",5,"Klay Thompson",24,"thompkl01","GSW",0.065,2,"645",42,FALSE
"433",2015,"2014-15","https://www.basketball-reference.com/awards/awards_2015.html",6,"Anthony Davis",21,"davisan02","NOP",0.042,4,"645",27,FALSE
"434",2015,"2014-15","https://www.basketball-reference.com/awards/awards_2015.html",7,"Giannis Antetokounmpo",20,"antetgi01","MIL",0.034,1,"645",22,FALSE
"435",2015,"2014-15","https://www.basketball-reference.com/awards/awards_2015.html",8,"Donatas Motiejunas",24,"motiedo01","HOU",0.011,0,"645",7,FALSE
"436",2015,"2014-15","https://www.basketball-reference.com/awards/awards_2015.html",9,"Dennis Schroder",21,"schrode01","ATL",0.009,0,"645",6,FALSE
"437",2015,"2014-15","https://www.basketball-reference.com/awards/awards_2015.html",10,"DeMarre Carroll",28,"carrode01","ATL",0.008,1,"645",5,FALSE
"438",2015,"2014-15","https://www.basketball-reference.com/awards/awards_2015.html",10,"Tyler Zeller",25,"zellety01","BOS",0.008,1,"645",5,FALSE
"439",2015,"2014-15","https://www.basketball-reference.com/awards/awards_2015.html",12,"DeMarcus Cousins",24,"couside01","SAC",0.006,0,"645",4,FALSE
"440",2015,"2014-15","https://www.basketball-reference.com/awards/awards_2015.html",12,"Khris Middleton",23,"middlkh01","MIL",0.006,0,"645",4,FALSE
"441",2015,"2014-15","https://www.basketball-reference.com/awards/awards_2015.html",14,"Jae Crowder",24,"crowdja01","TOT",0.005,0,"645",3,FALSE
"442",2015,"2014-15","https://www.basketball-reference.com/awards/awards_2015.html",14,"Kyrie Irving",22,"irvinky01","CLE",0.005,0,"645",3,FALSE
"443",2015,"2014-15","https://www.basketball-reference.com/awards/awards_2015.html",14,"DeAndre Jordan",26,"jordade01","LAC",0.005,0,"645",3,FALSE
"444",2015,"2014-15","https://www.basketball-reference.com/awards/awards_2015.html",14,"Victor Oladipo",22,"oladivi01","ORL",0.005,0,"645",3,FALSE
"445",2015,"2014-15","https://www.basketball-reference.com/awards/awards_2015.html",18,"Kentavious Caldwell-Pope",21,"caldwke01","DET",0.003,0,"645",2,FALSE
"446",2015,"2014-15","https://www.basketball-reference.com/awards/awards_2015.html",18,"Nikola Vucevic",24,"vucevni01","ORL",0.003,0,"645",2,FALSE
"447",2015,"2014-15","https://www.basketball-reference.com/awards/awards_2015.html",20,"Robert Covington",24,"covinro01","PHI",0.002,0,"645",1,FALSE
"448",2015,"2014-15","https://www.basketball-reference.com/awards/awards_2015.html",20,"Tyreke Evans",25,"evansty01","NOP",0.002,0,"645",1,FALSE
"449",2015,"2014-15","https://www.basketball-reference.com/awards/awards_2015.html",20,"Derrick Favors",23,"favorde01","UTA",0.002,0,"645",1,FALSE
"450",2015,"2014-15","https://www.basketball-reference.com/awards/awards_2015.html",20,"Enes Freedom",22,"kanteen01","TOT",0.002,0,"645",1,FALSE
"451",2015,"2014-15","https://www.basketball-reference.com/awards/awards_2015.html",20,"Marc Gasol",30,"gasolma01","MEM",0.002,0,"645",1,FALSE
"452",2015,"2014-15","https://www.basketball-reference.com/awards/awards_2015.html",20,"Tobias Harris",22,"harrito02","ORL",0.002,0,"645",1,FALSE
"453",2015,"2014-15","https://www.basketball-reference.com/awards/awards_2015.html",20,"Gordon Hayward",24,"haywago01","UTA",0.002,0,"645",1,FALSE
"454",2015,"2014-15","https://www.basketball-reference.com/awards/awards_2015.html",20,"George Hill",28,"hillge01","IND",0.002,0,"645",1,FALSE
"455",2015,"2014-15","https://www.basketball-reference.com/awards/awards_2015.html",20,"Brandon Knight",23,"knighbr03","TOT",0.002,0,"645",1,FALSE
"456",2015,"2014-15","https://www.basketball-reference.com/awards/awards_2015.html",20,"Kawhi Leonard",23,"leonaka01","SAS",0.002,0,"645",1,FALSE
"457",2015,"2014-15","https://www.basketball-reference.com/awards/awards_2015.html",20,"Meyers Leonard",22,"leoname01","POR",0.002,0,"645",1,FALSE
"458",2016,"2015-16","https://www.basketball-reference.com/awards/awards_2016.html",1,"CJ McCollum",24,"mccolcj01","POR",0.86,101,"650",559,TRUE
"459",2016,"2015-16","https://www.basketball-reference.com/awards/awards_2016.html",2,"Kemba Walker",25,"walkeke02","CHO",0.255,7,"650",166,FALSE
"460",2016,"2015-16","https://www.basketball-reference.com/awards/awards_2016.html",3,"Giannis Antetokounmpo",21,"antetgi01","MIL",0.152,4,"650",99,FALSE
"461",2016,"2015-16","https://www.basketball-reference.com/awards/awards_2016.html",4,"Stephen Curry",27,"curryst01","GSW",0.128,7,"650",83,FALSE
"462",2016,"2015-16","https://www.basketball-reference.com/awards/awards_2016.html",5,"Will Barton",25,"bartowi01","DEN",0.095,1,"650",62,FALSE
"463",2016,"2015-16","https://www.basketball-reference.com/awards/awards_2016.html",6,"Jae Crowder",25,"crowdja01","BOS",0.069,1,"650",45,FALSE
"464",2016,"2015-16","https://www.basketball-reference.com/awards/awards_2016.html",7,"Draymond Green",25,"greendr01","GSW",0.066,2,"650",43,FALSE
"465",2016,"2015-16","https://www.basketball-reference.com/awards/awards_2016.html",8,"Isaiah Thomas",26,"thomais02","BOS",0.046,3,"650",30,FALSE
"466",2016,"2015-16","https://www.basketball-reference.com/awards/awards_2016.html",9,"Hassan Whiteside",26,"whiteha01","MIA",0.04,1,"650",26,FALSE
"467",2016,"2015-16","https://www.basketball-reference.com/awards/awards_2016.html",10,"Kawhi Leonard",24,"leonaka01","SAS",0.028,1,"650",18,FALSE
"468",2016,"2015-16","https://www.basketball-reference.com/awards/awards_2016.html",11,"Andre Drummond",22,"drumman01","DET",0.017,1,"650",11,FALSE
"469",2016,"2015-16","https://www.basketball-reference.com/awards/awards_2016.html",12,"Gary Harris",21,"harriga01","DEN",0.009,1,"650",6,FALSE
"470",2016,"2015-16","https://www.basketball-reference.com/awards/awards_2016.html",13,"Kent Bazemore",26,"bazemke01","ATL",0.006,0,"650",4,FALSE
"471",2016,"2015-16","https://www.basketball-reference.com/awards/awards_2016.html",13,"Evan Fournier",23,"fournev01","ORL",0.006,0,"650",4,FALSE
"472",2016,"2015-16","https://www.basketball-reference.com/awards/awards_2016.html",15,"Rodney Hood",23,"hoodro01","UTA",0.005,0,"650",3,FALSE
"473",2016,"2015-16","https://www.basketball-reference.com/awards/awards_2016.html",15,"Reggie Jackson",25,"jacksre01","DET",0.005,0,"650",3,FALSE
"474",2016,"2015-16","https://www.basketball-reference.com/awards/awards_2016.html",15,"Ian Mahinmi",29,"mahinia01","IND",0.005,0,"650",3,FALSE
"475",2016,"2015-16","https://www.basketball-reference.com/awards/awards_2016.html",15,"Russell Westbrook",27,"westbru01","OKC",0.005,0,"650",3,FALSE
"476",2016,"2015-16","https://www.basketball-reference.com/awards/awards_2016.html",19,"Zach LaVine",20,"lavinza01","MIN",0.002,0,"650",1,FALSE
"477",2016,"2015-16","https://www.basketball-reference.com/awards/awards_2016.html",19,"Kyle Lowry",29,"lowryky01","TOR",0.002,0,"650",1,FALSE
"478",2017,"2016-17","https://www.basketball-reference.com/awards/awards_2017.html",1,"Giannis Antetokounmpo",22,"antetgi01","MIL",0.856,80,"500",428,TRUE
"479",2017,"2016-17","https://www.basketball-reference.com/awards/awards_2017.html",2,"Nikola Jokic",21,"jokicni01","DEN",0.322,14,"500",161,FALSE
"480",2017,"2016-17","https://www.basketball-reference.com/awards/awards_2017.html",3,"Rudy Gobert",24,"goberru01","UTA",0.226,1,"500",113,FALSE
"481",2017,"2016-17","https://www.basketball-reference.com/awards/awards_2017.html",4,"Otto Porter Jr.",23,"porteot01","WAS",0.086,1,"500",43,FALSE
"482",2017,"2016-17","https://www.basketball-reference.com/awards/awards_2017.html",5,"Isaiah Thomas",27,"thomais02","BOS",0.07,0,"500",35,FALSE
"483",2017,"2016-17","https://www.basketball-reference.com/awards/awards_2017.html",6,"James Johnson",29,"johnsja01","MIA",0.068,1,"500",34,FALSE
"484",2017,"2016-17","https://www.basketball-reference.com/awards/awards_2017.html",7,"Bradley Beal",23,"bealbr01","WAS",0.038,1,"500",19,FALSE
"485",2017,"2016-17","https://www.basketball-reference.com/awards/awards_2017.html",8,"Devin Booker",20,"bookede01","PHO",0.036,1,"500",18,FALSE
"486",2017,"2016-17","https://www.basketball-reference.com/awards/awards_2017.html",9,"Tim Hardaway Jr.",24,"hardati02","ATL",0.028,0,"500",14,FALSE
"487",2017,"2016-17","https://www.basketball-reference.com/awards/awards_2017.html",10,"Mike Conley",29,"conlemi01","MEM",0.01,1,"500",5,FALSE
"488",2017,"2016-17","https://www.basketball-reference.com/awards/awards_2017.html",11,"Dion Waiters",25,"waitedi01","MIA",0.008,0,"500",4,FALSE
"489",2017,"2016-17","https://www.basketball-reference.com/awards/awards_2017.html",12,"Gordon Hayward",26,"haywago01","UTA",0.006,0,"500",3,FALSE
"490",2017,"2016-17","https://www.basketball-reference.com/awards/awards_2017.html",12,"Jusuf Nurkic",22,"nurkiju01","TOT",0.006,0,"500",3,FALSE
"491",2017,"2016-17","https://www.basketball-reference.com/awards/awards_2017.html",12,"Kristaps Porzingis",21,"porzikr01","NYK",0.006,0,"500",3,FALSE
"492",2017,"2016-17","https://www.basketball-reference.com/awards/awards_2017.html",12,"Dennis Schroder",23,"schrode01","ATL",0.006,0,"500",3,FALSE
"493",2017,"2016-17","https://www.basketball-reference.com/awards/awards_2017.html",16,"Harrison Barnes",24,"barneha02","DAL",0.004,0,"500",2,FALSE
"494",2017,"2016-17","https://www.basketball-reference.com/awards/awards_2017.html",16,"Seth Curry",26,"curryse01","DAL",0.004,0,"500",2,FALSE
"495",2017,"2016-17","https://www.basketball-reference.com/awards/awards_2017.html",16,"Gary Harris",22,"harriga01","DEN",0.004,0,"500",2,FALSE
"496",2017,"2016-17","https://www.basketball-reference.com/awards/awards_2017.html",16,"Myles Turner",20,"turnemy01","IND",0.004,0,"500",2,FALSE
"497",2017,"2016-17","https://www.basketball-reference.com/awards/awards_2017.html",20,"Avery Bradley",26,"bradlav01","BOS",0.002,0,"500",1,FALSE
"498",2017,"2016-17","https://www.basketball-reference.com/awards/awards_2017.html",20,"Clint Capela",22,"capelca01","HOU",0.002,0,"500",1,FALSE
"499",2017,"2016-17","https://www.basketball-reference.com/awards/awards_2017.html",20,"DeMar DeRozan",27,"derozde01","TOR",0.002,0,"500",1,FALSE
"500",2017,"2016-17","https://www.basketball-reference.com/awards/awards_2017.html",20,"Joe Ingles",29,"inglejo01","UTA",0.002,0,"500",1,FALSE
"501",2017,"2016-17","https://www.basketball-reference.com/awards/awards_2017.html",20,"John Wall",26,"walljo01","WAS",0.002,0,"500",1,FALSE
"502",2017,"2016-17","https://www.basketball-reference.com/awards/awards_2017.html",20,"Hassan Whiteside",27,"whiteha01","MIA",0.002,0,"500",1,FALSE
"503",2018,"2017-18","https://www.basketball-reference.com/awards/awards_2018.html",1,"Victor Oladipo",25,"oladivi01","IND",0.988,99,"505",499,TRUE
"504",2018,"2017-18","https://www.basketball-reference.com/awards/awards_2018.html",2,"Clint Capela",23,"capelca01","HOU",0.196,1,"505",99,FALSE
"505",2018,"2017-18","https://www.basketball-reference.com/awards/awards_2018.html",3,"Spencer Dinwiddie",24,"dinwisp01","BRK",0.099,1,"505",50,FALSE
"506",2018,"2017-18","https://www.basketball-reference.com/awards/awards_2018.html",4,"Andre Drummond",24,"drumman01","DET",0.091,0,"505",46,FALSE
"507",2018,"2017-18","https://www.basketball-reference.com/awards/awards_2018.html",5,"Julius Randle",23,"randlju01","LAL",0.071,0,"505",36,FALSE
"508",2018,"2017-18","https://www.basketball-reference.com/awards/awards_2018.html",6,"Steven Adams",24,"adamsst01","OKC",0.067,0,"505",34,FALSE
"509",2018,"2017-18","https://www.basketball-reference.com/awards/awards_2018.html",7,"Jaylen Brown",21,"brownja02","BOS",0.063,0,"505",32,FALSE
"510",2018,"2017-18","https://www.basketball-reference.com/awards/awards_2018.html",8,"Jamal Murray",20,"murraja01","DEN",0.048,0,"505",24,FALSE
"511",2018,"2017-18","https://www.basketball-reference.com/awards/awards_2018.html",9,"DeMar DeRozan",28,"derozde01","TOR",0.018,0,"505",9,FALSE
"512",2018,"2017-18","https://www.basketball-reference.com/awards/awards_2018.html",10,"Terry Rozier",23,"roziete01","BOS",0.016,0,"505",8,FALSE
"513",2018,"2017-18","https://www.basketball-reference.com/awards/awards_2018.html",10,"Lou Williams",31,"willilo02","LAC",0.016,0,"505",8,FALSE
"514",2018,"2017-18","https://www.basketball-reference.com/awards/awards_2018.html",12,"Giannis Antetokounmpo",23,"antetgi01","MIL",0.014,0,"505",7,FALSE
"515",2018,"2017-18","https://www.basketball-reference.com/awards/awards_2018.html",13,"Nikola Jokic",22,"jokicni01","DEN",0.012,0,"505",6,FALSE
"516",2018,"2017-18","https://www.basketball-reference.com/awards/awards_2018.html",13,"E'Twaun Moore",28,"mooreet01","NOP",0.012,0,"505",6,FALSE
"517",2018,"2017-18","https://www.basketball-reference.com/awards/awards_2018.html",13,"Domantas Sabonis",21,"sabondo01","IND",0.012,0,"505",6,FALSE
"518",2018,"2017-18","https://www.basketball-reference.com/awards/awards_2018.html",13,"Fred VanVleet",23,"vanvlfr01","TOR",0.012,0,"505",6,FALSE
"519",2018,"2017-18","https://www.basketball-reference.com/awards/awards_2018.html",17,"Tyreke Evans",28,"evansty01","MEM",0.008,0,"505",4,FALSE
"520",2018,"2017-18","https://www.basketball-reference.com/awards/awards_2018.html",17,"Brandon Ingram",20,"ingrabr01","LAL",0.008,0,"505",4,FALSE
"521",2018,"2017-18","https://www.basketball-reference.com/awards/awards_2018.html",17,"Dejounte Murray",21,"murrade01","SAS",0.008,0,"505",4,FALSE
"522",2018,"2017-18","https://www.basketball-reference.com/awards/awards_2018.html",20,"Tobias Harris",25,"harrito02","TOT",0.006,0,"505",3,FALSE
"523",2018,"2017-18","https://www.basketball-reference.com/awards/awards_2018.html",20,"Joe Ingles",30,"inglejo01","UTA",0.006,0,"505",3,FALSE
"524",2018,"2017-18","https://www.basketball-reference.com/awards/awards_2018.html",20,"Dario Saric",23,"saricda01","PHI",0.006,0,"505",3,FALSE
"525",2018,"2017-18","https://www.basketball-reference.com/awards/awards_2018.html",23,"Kris Dunn",23,"dunnkr01","CHI",0.004,0,"505",2,FALSE
"526",2018,"2017-18","https://www.basketball-reference.com/awards/awards_2018.html",23,"Aaron Gordon",22,"gordoaa01","ORL",0.004,0,"505",2,FALSE
"527",2018,"2017-18","https://www.basketball-reference.com/awards/awards_2018.html",25,"Montrezl Harrell",24,"harremo01","LAC",0.002,0,"505",1,FALSE
"528",2018,"2017-18","https://www.basketball-reference.com/awards/awards_2018.html",25,"Kristaps Porzingis",22,"porzikr01","NYK",0.002,0,"505",1,FALSE
"529",2018,"2017-18","https://www.basketball-reference.com/awards/awards_2018.html",25,"Taurean Prince",23,"princta02","ATL",0.002,0,"505",1,FALSE
"530",2018,"2017-18","https://www.basketball-reference.com/awards/awards_2018.html",25,"Josh Richardson",24,"richajo01","MIA",0.002,0,"505",1,FALSE
"531",2018,"2017-18","https://www.basketball-reference.com/awards/awards_2018.html",25,"Ricky Rubio",27,"rubiori01","UTA",0.002,0,"505",1,FALSE
"532",2018,"2017-18","https://www.basketball-reference.com/awards/awards_2018.html",25,"Pascal Siakam",23,"siakapa01","TOR",0.002,0,"505",1,FALSE
"533",2018,"2017-18","https://www.basketball-reference.com/awards/awards_2018.html",25,"Karl-Anthony Towns",22,"townska01","MIN",0.002,0,"505",1,FALSE
"534",2018,"2017-18","https://www.basketball-reference.com/awards/awards_2018.html",25,"T.J. Warren",24,"warretj01","PHO",0.002,0,"505",1,FALSE
"535",2019,"2018-19","https://www.basketball-reference.com/awards/awards_2019.html",1,"Pascal Siakam",24,"siakapa01","TOR",0.938,86,"500",469,TRUE
"536",2019,"2018-19","https://www.basketball-reference.com/awards/awards_2019.html",2,"D'Angelo Russell",22,"russeda01","BRK",0.51,12,"500",255,FALSE
"537",2019,"2018-19","https://www.basketball-reference.com/awards/awards_2019.html",3,"De'Aaron Fox",21,"foxde01","SAC",0.154,1,"500",77,FALSE
"538",2019,"2018-19","https://www.basketball-reference.com/awards/awards_2019.html",4,"Buddy Hield",26,"hieldbu01","SAC",0.044,0,"500",22,FALSE
"539",2019,"2018-19","https://www.basketball-reference.com/awards/awards_2019.html",5,"Nikola Vucevic",28,"vucevni01","ORL",0.04,0,"500",20,FALSE
"540",2019,"2018-19","https://www.basketball-reference.com/awards/awards_2019.html",6,"Domantas Sabonis",22,"sabondo01","IND",0.02,0,"500",10,FALSE
"541",2019,"2018-19","https://www.basketball-reference.com/awards/awards_2019.html",7,"Montrezl Harrell",25,"harremo01","LAC",0.018,0,"500",9,FALSE
"542",2019,"2018-19","https://www.basketball-reference.com/awards/awards_2019.html",8,"Derrick Rose",30,"rosede01","MIN",0.016,1,"500",8,FALSE
"543",2019,"2018-19","https://www.basketball-reference.com/awards/awards_2019.html",9,"John Collins",21,"collijo01","ATL",0.012,0,"500",6,FALSE
"544",2019,"2018-19","https://www.basketball-reference.com/awards/awards_2019.html",10,"Giannis Antetokounmpo",24,"antetgi01","MIL",0.008,0,"500",4,FALSE
"545",2019,"2018-19","https://www.basketball-reference.com/awards/awards_2019.html",11,"Malik Beasley",22,"beaslma01","DEN",0.006,0,"500",3,FALSE
"546",2019,"2018-19","https://www.basketball-reference.com/awards/awards_2019.html",11,"Danilo Gallinari",30,"gallida01","LAC",0.006,0,"500",3,FALSE
"547",2019,"2018-19","https://www.basketball-reference.com/awards/awards_2019.html",11,"Paul George",28,"georgpa01","OKC",0.006,0,"500",3,FALSE
"548",2019,"2018-19","https://www.basketball-reference.com/awards/awards_2019.html",14,"Bojan Bogdanovic",29,"bogdabo02","IND",0.004,0,"500",2,FALSE
"549",2019,"2018-19","https://www.basketball-reference.com/awards/awards_2019.html",14,"Thomas Bryant",21,"bryanth01","WAS",0.004,0,"500",2,FALSE
"550",2019,"2018-19","https://www.basketball-reference.com/awards/awards_2019.html",16,"Willie Cauley-Stein",25,"caulewi01","SAC",0.002,0,"500",1,FALSE
"551",2019,"2018-19","https://www.basketball-reference.com/awards/awards_2019.html",16,"Spencer Dinwiddie",25,"dinwisp01","BRK",0.002,0,"500",1,FALSE
"552",2019,"2018-19","https://www.basketball-reference.com/awards/awards_2019.html",16,"Bryn Forbes",25,"forbebr01","SAS",0.002,0,"500",1,FALSE
"553",2019,"2018-19","https://www.basketball-reference.com/awards/awards_2019.html",16,"Jerami Grant",24,"grantje01","OKC",0.002,0,"500",1,FALSE
"554",2019,"2018-19","https://www.basketball-reference.com/awards/awards_2019.html",16,"Zach LaVine",23,"lavinza01","CHI",0.002,0,"500",1,FALSE
"555",2019,"2018-19","https://www.basketball-reference.com/awards/awards_2019.html",16,"Josh Richardson",25,"richajo01","MIA",0.002,0,"500",1,FALSE
"556",2019,"2018-19","https://www.basketball-reference.com/awards/awards_2019.html",16,"Derrick White",24,"whitede01","SAS",0.002,0,"500",1,FALSE
"557",2020,"2019-20","https://www.basketball-reference.com/awards/awards_2020.html",1,"Brandon Ingram",22,"ingrabr01","NOP",0.652,42,"500",326,TRUE
"558",2020,"2019-20","https://www.basketball-reference.com/awards/awards_2020.html",2,"Bam Adebayo",22,"adebaba01","MIA",0.59,38,"500",295,FALSE
"559",2020,"2019-20","https://www.basketball-reference.com/awards/awards_2020.html",3,"Luka Doncic",20,"doncilu01","DAL",0.202,12,"500",101,FALSE
"560",2020,"2019-20","https://www.basketball-reference.com/awards/awards_2020.html",4,"Jayson Tatum",21,"tatumja01","BOS",0.114,3,"500",57,FALSE
"561",2020,"2019-20","https://www.basketball-reference.com/awards/awards_2020.html",5,"Devonte' Graham",24,"grahade01","CHO",0.1,2,"500",50,FALSE
"562",2020,"2019-20","https://www.basketball-reference.com/awards/awards_2020.html",6,"Shai Gilgeous-Alexander",21,"gilgesh01","OKC",0.042,0,"500",21,FALSE
"563",2020,"2019-20","https://www.basketball-reference.com/awards/awards_2020.html",7,"Pascal Siakam",25,"siakapa01","TOR",0.026,1,"500",13,FALSE
"564",2020,"2019-20","https://www.basketball-reference.com/awards/awards_2020.html",8,"Christian Wood",24,"woodch01","DET",0.022,1,"500",11,FALSE
"565",2020,"2019-20","https://www.basketball-reference.com/awards/awards_2020.html",9,"Trae Young",21,"youngtr01","ATL",0.02,0,"500",10,FALSE
"566",2020,"2019-20","https://www.basketball-reference.com/awards/awards_2020.html",10,"Fred VanVleet",25,"vanvlfr01","TOR",0.012,1,"500",6,FALSE
"567",2020,"2019-20","https://www.basketball-reference.com/awards/awards_2020.html",11,"Davis Bertans",27,"bertada01","WAS",0.006,0,"500",3,FALSE
"568",2020,"2019-20","https://www.basketball-reference.com/awards/awards_2020.html",11,"Jaylen Brown",23,"brownja02","BOS",0.006,0,"500",3,FALSE
"569",2020,"2019-20","https://www.basketball-reference.com/awards/awards_2020.html",13,"Markelle Fultz",21,"fultzma01","ORL",0.004,0,"500",2,FALSE
"570",2020,"2019-20","https://www.basketball-reference.com/awards/awards_2020.html",14,"Spencer Dinwiddie",26,"dinwisp01","BRK",0.002,0,"500",1,FALSE
"571",2020,"2019-20","https://www.basketball-reference.com/awards/awards_2020.html",14,"Duncan Robinson",25,"robindu01","MIA",0.002,0,"500",1,FALSE
"572",2021,"2020-21","https://www.basketball-reference.com/awards/awards_2021.html",1,"Julius Randle",26,"randlju01","NYK",0.986,98,"500",493,TRUE
"573",2021,"2020-21","https://www.basketball-reference.com/awards/awards_2021.html",2,"Jerami Grant",26,"grantje01","DET",0.28,2,"500",140,FALSE
"574",2021,"2020-21","https://www.basketball-reference.com/awards/awards_2021.html",3,"Michael Porter Jr.",22,"portemi01","DEN",0.276,0,"500",138,FALSE
"575",2021,"2020-21","https://www.basketball-reference.com/awards/awards_2021.html",4,"Christian Wood",25,"woodch01","HOU",0.088,0,"500",44,FALSE
"576",2021,"2020-21","https://www.basketball-reference.com/awards/awards_2021.html",5,"Zach LaVine",25,"lavinza01","CHI",0.04,0,"500",20,FALSE
"577",2021,"2020-21","https://www.basketball-reference.com/awards/awards_2021.html",6,"Chris Boucher",28,"bouchch01","TOR",0.02,0,"500",10,FALSE
"578",2021,"2020-21","https://www.basketball-reference.com/awards/awards_2021.html",6,"Jaylen Brown",24,"brownja02","BOS",0.02,0,"500",10,FALSE
"579",2021,"2020-21","https://www.basketball-reference.com/awards/awards_2021.html",8,"Mikal Bridges",24,"bridgmi01","PHO",0.016,0,"500",8,FALSE
"580",2021,"2020-21","https://www.basketball-reference.com/awards/awards_2021.html",9,"Zion Williamson",20,"willizi01","NOP",0.012,0,"500",6,FALSE
"581",2021,"2020-21","https://www.basketball-reference.com/awards/awards_2021.html",10,"Clint Capela",26,"capelca01","ATL",0.006,0,"500",3,FALSE
"582",2021,"2020-21","https://www.basketball-reference.com/awards/awards_2021.html",10,"Jordan Clarkson",28,"clarkjo01","UTA",0.006,0,"500",3,FALSE
"583",2021,"2020-21","https://www.basketball-reference.com/awards/awards_2021.html",10,"Luguentz Dort",21,"dortlu01","OKC",0.006,0,"500",3,FALSE
"584",2021,"2020-21","https://www.basketball-reference.com/awards/awards_2021.html",10,"Darius Garland",21,"garlada01","CLE",0.006,0,"500",3,FALSE
"585",2021,"2020-21","https://www.basketball-reference.com/awards/awards_2021.html",10,"Jordan Poole",21,"poolejo01","GSW",0.006,0,"500",3,FALSE
"586",2021,"2020-21","https://www.basketball-reference.com/awards/awards_2021.html",10,"Nikola Vucevic",30,"vucevni01","TOT",0.006,0,"500",3,FALSE
"587",2021,"2020-21","https://www.basketball-reference.com/awards/awards_2021.html",16,"Kyle Anderson",27,"anderky01","MEM",0.004,0,"500",2,FALSE
"588",2021,"2020-21","https://www.basketball-reference.com/awards/awards_2021.html",16,"RJ Barrett",20,"barrerj01","NYK",0.004,0,"500",2,FALSE
"589",2021,"2020-21","https://www.basketball-reference.com/awards/awards_2021.html",16,"Miles Bridges",22,"bridgmi02","CHO",0.004,0,"500",2,FALSE
"590",2021,"2020-21","https://www.basketball-reference.com/awards/awards_2021.html",19,"Lonzo Ball",23,"balllo01","NOP",0.002,0,"500",1,FALSE
"591",2021,"2020-21","https://www.basketball-reference.com/awards/awards_2021.html",19,"Bojan Bogdanovic",31,"bogdabo02","UTA",0.002,0,"500",1,FALSE
"592",2021,"2020-21","https://www.basketball-reference.com/awards/awards_2021.html",19,"Shai Gilgeous-Alexander",22,"gilgesh01","OKC",0.002,0,"500",1,FALSE
"593",2021,"2020-21","https://www.basketball-reference.com/awards/awards_2021.html",19,"Richaun Holmes",27,"holmeri01","SAC",0.002,0,"500",1,FALSE
"594",2021,"2020-21","https://www.basketball-reference.com/awards/awards_2021.html",19,"T.J. McConnell",28,"mccontj01","IND",0.002,0,"500",1,FALSE
"595",2021,"2020-21","https://www.basketball-reference.com/awards/awards_2021.html",19,"Terry Rozier",26,"roziete01","CHO",0.002,0,"500",1,FALSE
"596",2021,"2020-21","https://www.basketball-reference.com/awards/awards_2021.html",19,"Andrew Wiggins",25,"wiggian01","GSW",0.002,0,"500",1,FALSE
"597",2022,"2021-22","https://www.basketball-reference.com/awards/awards_2022.html",1,"Ja Morant",22,"moranja01","MEM",0.442,38,"500",221,TRUE
"598",2022,"2021-22","https://www.basketball-reference.com/awards/awards_2022.html",2,"Dejounte Murray",25,"murrade01","SAS",0.366,20,"500",183,FALSE
"599",2022,"2021-22","https://www.basketball-reference.com/awards/awards_2022.html",3,"Darius Garland",22,"garlada01","CLE",0.356,11,"500",178,FALSE
"600",2022,"2021-22","https://www.basketball-reference.com/awards/awards_2022.html",4,"Jordan Poole",22,"poolejo01","GSW",0.262,15,"500",131,FALSE
"601",2022,"2021-22","https://www.basketball-reference.com/awards/awards_2022.html",5,"Desmond Bane",23,"banede01","MEM",0.148,7,"500",74,FALSE
"602",2022,"2021-22","https://www.basketball-reference.com/awards/awards_2022.html",6,"Tyrese Maxey",21,"maxeyty01","PHI",0.104,6,"500",52,FALSE
"603",2022,"2021-22","https://www.basketball-reference.com/awards/awards_2022.html",7,"Miles Bridges",23,"bridgmi02","CHO",0.076,3,"500",38,FALSE
"604",2022,"2021-22","https://www.basketball-reference.com/awards/awards_2022.html",8,"Anfernee Simons",22,"simonan01","POR",0.026,0,"500",13,FALSE
"605",2022,"2021-22","https://www.basketball-reference.com/awards/awards_2022.html",9,"Robert Williams III",24,"williro04","BOS",0.008,0,"500",4,FALSE
"606",2022,"2021-22","https://www.basketball-reference.com/awards/awards_2022.html",10,"Jaren Jackson Jr.",22,"jacksja02","MEM",0.006,0,"500",3,FALSE
"607",2022,"2021-22","https://www.basketball-reference.com/awards/awards_2022.html",11,"Jalen Brunson",25,"brunsja01","DAL",0.004,0,"500",2,FALSE
"608",2022,"2021-22","https://www.basketball-reference.com/awards/awards_2022.html",12,"Max Strus",25,"strusma01","MIA",0.002,0,"500",1,FALSE
"609",2023,"2022-23","https://www.basketball-reference.com/awards/awards_2023.html",1,"Lauri Markkanen",25,"markkla01","UTA",0.86,69,"500",430,TRUE
"610",2023,"2022-23","https://www.basketball-reference.com/awards/awards_2023.html",2,"Shai Gilgeous-Alexander",24,"gilgesh01","OKC",0.578,24,"500",289,FALSE
"611",2023,"2022-23","https://www.basketball-reference.com/awards/awards_2023.html",3,"Jalen Brunson",26,"brunsja01","NYK",0.182,4,"500",91,FALSE
"612",2023,"2022-23","https://www.basketball-reference.com/awards/awards_2023.html",4,"Mikal Bridges",26,"bridgmi01","TOT",0.066,1,"500",33,FALSE
"613",2023,"2022-23","https://www.basketball-reference.com/awards/awards_2023.html",5,"Nic Claxton",23,"claxtni01","BRK",0.044,0,"500",22,FALSE
"614",2023,"2022-23","https://www.basketball-reference.com/awards/awards_2023.html",6,"Tyrese Haliburton",22,"halibty01","IND",0.032,1,"500",16,FALSE
"615",2023,"2022-23","https://www.basketball-reference.com/awards/awards_2023.html",7,"Trey Murphy III",22,"murphtr02","NOP",0.016,1,"500",8,FALSE
"616",2023,"2022-23","https://www.basketball-reference.com/awards/awards_2023.html",8,"De'Aaron Fox",25,"foxde01","SAC",0.006,0,"500",3,FALSE
"617",2023,"2022-23","https://www.basketball-reference.com/awards/awards_2023.html",8,"Kevon Looney",26,"looneke01","GSW",0.006,0,"500",3,FALSE
"618",2023,"2022-23","https://www.basketball-reference.com/awards/awards_2023.html",10,"Austin Reaves",24,"reaveau01","LAL",0.004,0,"500",2,FALSE
"619",2023,"2022-23","https://www.basketball-reference.com/awards/awards_2023.html",11,"Aaron Gordon",27,"gordoaa01","DEN",0.002,0,"500",1,FALSE
"620",2023,"2022-23","https://www.basketball-reference.com/awards/awards_2023.html",11,"Jaren Jackson Jr.",23,"jacksja02","MEM",0.002,0,"500",1,FALSE
"621",2023,"2022-23","https://www.basketball-reference.com/awards/awards_2023.html",11,"Malik Monk",24,"monkma01","SAC",0.002,0,"500",1,FALSE
"622",2024,"2023-24","https://www.basketball-reference.com/awards/awards_2024.html",1,"Tyrese Maxey",23,"maxeyty01","PHI",0.644,51,"495",319,TRUE
"623",2024,"2023-24","https://www.basketball-reference.com/awards/awards_2024.html",2,"Coby White",23,"whiteco01","CHI",0.616,32,"495",305,FALSE
"624",2024,"2023-24","https://www.basketball-reference.com/awards/awards_2024.html",3,"Alperen Sengun",21,"sengual01","HOU",0.186,6,"495",92,FALSE
"625",2024,"2023-24","https://www.basketball-reference.com/awards/awards_2024.html",4,"Jalen Williams",22,"willija06","OKC",0.16,5,"495",79,FALSE
"626",2024,"2023-24","https://www.basketball-reference.com/awards/awards_2024.html",5,"Jalen Brunson",27,"brunsja01","NYK",0.051,3,"495",25,FALSE
"627",2024,"2023-24","https://www.basketball-reference.com/awards/awards_2024.html",6,"Deni Avdija",23,"avdijde01","WAS",0.048,1,"495",24,FALSE
"628",2024,"2023-24","https://www.basketball-reference.com/awards/awards_2024.html",7,"Cam Thomas",22,"thomaca02","BRK",0.032,0,"495",16,FALSE
"629",2024,"2023-24","https://www.basketball-reference.com/awards/awards_2024.html",8,"Jalen Suggs",22,"suggsja01","ORL",0.022,0,"495",11,FALSE
"630",2024,"2023-24","https://www.basketball-reference.com/awards/awards_2024.html",9,"Tyrese Haliburton",23,"halibty01","IND",0.01,1,"495",5,FALSE
"631",2024,"2023-24","https://www.basketball-reference.com/awards/awards_2024.html",10,"Grayson Allen",28,"allengr01","PHO",0.008,0,"495",4,FALSE
"632",2024,"2023-24","https://www.basketball-reference.com/awards/awards_2024.html",10,"Duncan Robinson",29,"robindu01","MIA",0.008,0,"495",4,FALSE
"633",2024,"2023-24","https://www.basketball-reference.com/awards/awards_2024.html",12,"Shai Gilgeous-Alexander",25,"gilgesh01","OKC",0.006,0,"495",3,FALSE
"634",2024,"2023-24","https://www.basketball-reference.com/awards/awards_2024.html",12,"Devin Vassell",23,"vassede01","SAS",0.006,0,"495",3,FALSE
"635",2024,"2023-24","https://www.basketball-reference.com/awards/awards_2024.html",14,"Aaron Nesmith",24,"nesmiaa01","IND",0.002,0,"495",1,FALSE
